Data e Hora;Saturação de água no óleo - % (Monitor de Umidade MO - Transformador);Saturação de água no óleo convertida para temperatura de referência - % (Monitor de Umidade MO - Transformador);Teor de água no óleo - ppm (Monitor de Umidade MO - Transformador);Temperatura do óleo no sensor de umidade - ºC (Monitor de Umidade MO - Transformador);Tendência de evolução do teor de água no óleo - ppm/dia (Monitor de Umidade MO - Transformador)
26/04/2022 21:23:12;4,7;6,4;4,4;33,4;0
26/04/2022 21:38:06;4,7;6,4;4,4;33,2;0,1
26/04/2022 21:53:08;4,7;6,3;4,3;32,8;0,1
26/04/2022 22:08:11;4,7;6,3;4,3;32,6;0,1
26/04/2022 22:23:21;4,9;6,4;4,4;32,2;0,1
26/04/2022 22:38:11;4,9;6,3;4,3;32;0
26/04/2022 22:53:09;4,9;6,3;4,3;31,7;0
26/04/2022 23:08:08;4,9;6,1;4,2;31,3;0
26/04/2022 23:23:10;4,9;6,1;4,2;31;0
26/04/2022 23:38:06;4,8;5,9;4;30,6;0
26/04/2022 23:53:06;5;6,1;4,2;30,4;0
27/04/2022 00:08:11;5;6;4,1;30,1;0
27/04/2022 00:23:07;5;6;4,1;29,9;0
27/04/2022 00:38:12;5;5,9;4;29,6;0
27/04/2022 00:53:07;5;5,9;4;29,5;0
27/04/2022 01:08:07;5;5,7;3,9;28,5;0
27/04/2022 01:23:04;5;5,6;3,8;28,3;0
27/04/2022 01:38:05;5;5,6;3,8;28,3;0
27/04/2022 01:53:06;5,2;5,7;3,9;27,8;0
27/04/2022 02:08:10;5,1;5,4;3,7;27,3;0
27/04/2022 02:23:06;5,1;5,4;3,7;27,1;0
27/04/2022 02:38:11;5,1;5,4;3,7;26,8;0
27/04/2022 02:53:08;5,1;5,3;3,6;26,6;0
27/04/2022 03:08:06;5,1;5,3;3,6;26,5;0
27/04/2022 03:23:04;5,1;5,3;3,6;26,4;0
27/04/2022 03:38:05;5,1;5,3;3,6;26,3;0
27/04/2022 03:53:04;5,1;5,3;3,6;26,2;0
27/04/2022 04:08:02;5,1;5,1;3,5;25,4;0
27/04/2022 04:23:04;5,1;5,1;3,5;25,5;0
27/04/2022 04:37:59;5,1;5,1;3,5;25,4;0
27/04/2022 04:53:05;5,1;5;3,4;25,2;0
27/04/2022 05:08:00;5,1;5;3,4;25,2;0
27/04/2022 05:23:01;5,1;5,1;3,5;25,6;0
27/04/2022 05:38:03;5;5;3,4;25,6;0
27/04/2022 05:53:04;5;5;3,4;25,4;0
27/04/2022 06:08:04;5,1;5;3,4;25;0
27/04/2022 06:23:07;5;5;3,4;25,4;0
27/04/2022 06:38:05;5;5;3,4;25,3;0
27/04/2022 06:53:08;5;5;3,4;25,1;0
27/04/2022 07:08:21;5;5;3,4;25,4;0
27/04/2022 07:23:00;5;4,8;3,3;25;0
27/04/2022 07:38:32;5;5;3,4;25,3;0
27/04/2022 07:53:34;4,8;4,8;3,3;25,9;0
27/04/2022 08:08:00;4,8;5;3,4;26,2;0
27/04/2022 08:23:02;4,8;5;3,4;26,5;0
27/04/2022 08:38:00;4,7;5;3,4;27;0
27/04/2022 08:53:05;4,7;5;3,4;27,3;0
27/04/2022 09:08:06;4,7;5;3,4;27,3;0
27/04/2022 09:23:02;4,5;5;3,4;28,2;0
27/04/2022 09:38:07;4,5;5,1;3,5;28,6;0
27/04/2022 09:53:15;4,5;5,1;3,5;29;0
27/04/2022 10:08:42;4,5;5,3;3,6;29,3;0
27/04/2022 10:23:13;4,5;5,3;3,6;29,7;0
27/04/2022 10:38:15;4,4;5,3;3,6;30,3;0
27/04/2022 10:53:23;4,4;5,4;3,7;30,6;0
27/04/2022 11:08:13;4,4;5,6;3,8;31,1;0
27/04/2022 11:23:01;4,2;5,4;3,7;31,6;0
27/04/2022 11:38:03;4,2;5,4;3,7;32;0
27/04/2022 11:53:14;4,2;5,6;3,8;32,7;0
27/04/2022 12:08:02;4,2;5,7;3,9;33,3;0
27/04/2022 12:23:12;4,1;5,6;3,8;33,1;0
27/04/2022 12:38:11;4,2;5,7;3,9;33,5;0
27/04/2022 12:53:52;4,2;5,7;3,9;33,5;0
27/04/2022 13:08:22;4,2;5,9;4;33,7;0
27/04/2022 13:23:22;4,2;5,9;4;34,1;0
27/04/2022 13:38:24;4,2;5,9;4;33,7;0
27/04/2022 13:53:25;4,1;5,7;3,9;34;0
27/04/2022 14:08:15;4,2;6;4,1;34,3;0
27/04/2022 14:23:29;4,1;6;4,1;34,9;0
27/04/2022 14:38:16;4,1;6;4,1;35,2;0
27/04/2022 14:53:01;4,1;6,1;4,2;35,7;0
27/04/2022 15:08:13;4,1;6,1;4,2;35,6;0
27/04/2022 15:23:00;4,1;6,1;4,2;35,9;0
27/04/2022 15:38:55;4,1;6,3;4,3;36,5;0,1
27/04/2022 15:53:30;4,1;6,3;4,3;36,5;0,1
27/04/2022 16:08:12;4,1;6,3;4,3;36,4;0,1
27/04/2022 16:23:18;4,1;6,3;4,3;36,7;0,1
27/04/2022 16:38:02;4,2;6,4;4,4;36,5;0,1
27/04/2022 16:53:06;4,2;6,4;4,4;36,6;0,1
27/04/2022 17:08:19;4,2;6,4;4,4;36,3;0,1
27/04/2022 17:23:29;4,2;6,3;4,3;35,9;0,1
27/04/2022 17:38:25;4,4;6,6;4,5;35,7;0,1
27/04/2022 17:53:23;4,4;6,6;4,5;35,7;0,1
27/04/2022 18:08:15;4,4;6,4;4,4;35,3;0,1
27/04/2022 18:23:11;4,4;6,4;4,4;34,9;0,1
27/04/2022 18:38:18;4,5;6,4;4,4;34,3;0,1
27/04/2022 18:53:12;4,5;6,4;4,4;34,4;0,1
27/04/2022 19:08:14;4,5;6,4;4,4;34,4;0,1
27/04/2022 19:23:16;4,5;6,4;4,4;34,5;0,1
27/04/2022 19:38:13;4,5;6,4;4,4;34,4;0,1
27/04/2022 19:53:16;4,7;6,6;4,5;34;0,1
27/04/2022 20:08:15;4,5;6,3;4,3;34;0,1
27/04/2022 20:23:18;4,5;6,3;4,3;33,8;0,1
27/04/2022 20:38:16;4,7;6,4;4,4;33,7;0,1
27/04/2022 20:53:21;4,7;6,4;4,4;33,6;0,1
27/04/2022 21:08:21;4,7;6,4;4,4;33,7;0,1
27/04/2022 21:23:25;4,7;6,4;4,4;33,7;0,1
27/04/2022 21:38:28;4,7;6,4;4,4;33,7;0,1
27/04/2022 21:53:05;4,7;6,4;4,4;33,5;0,1
27/04/2022 22:08:30;4,7;6,4;4,4;33,3;0,1
27/04/2022 22:23:25;4,7;6,3;4,3;32,9;0,1
27/04/2022 22:38:13;4,7;6,1;4,2;32,5;0
27/04/2022 22:53:04;4,9;6,3;4,3;32;0
27/04/2022 23:08:06;4,9;6,3;4,3;31,5;0
27/04/2022 23:23:05;4,9;6,1;4,2;31,2;0
27/04/2022 23:38:01;4,9;6,1;4,2;30,9;0
27/04/2022 23:53:01;4,8;5,9;4;30,5;0
28/04/2022 00:08:08;5;6,1;4,2;30,4;0
28/04/2022 00:23:23;4,8;5,9;4;30,2;0
28/04/2022 00:38:25;5;6;4,1;29,8;0
28/04/2022 00:53:24;5;5,9;4;29,6;0
28/04/2022 01:08:22;5;5,9;4;29,5;0
28/04/2022 01:23:21;5;5,7;3,9;28,8;0
28/04/2022 01:38:23;5;5,7;3,9;28,7;0
28/04/2022 01:53:26;5;5,6;3,8;28,3;0
28/04/2022 02:08:26;5;5,6;3,8;28,2;0
28/04/2022 02:23:26;5;5,6;3,8;27,9;0
28/04/2022 02:38:27;5;5,4;3,7;27,8;0
28/04/2022 02:53:25;5;5,4;3,7;27,6;0
28/04/2022 03:08:03;5;5,6;3,8;27,9;0
28/04/2022 03:23:03;5;5,4;3,7;27,6;0
28/04/2022 03:38:01;5;5,4;3,7;27,6;0
28/04/2022 03:53:03;5;5,4;3,7;27,5;0
28/04/2022 04:08:00;5;5,4;3,7;27,5;0
28/04/2022 04:23:04;5;5,4;3,7;27,3;0
28/04/2022 04:38:00;5;5,4;3,7;27,2;0
28/04/2022 04:53:03;5;5,4;3,7;27,3;0
28/04/2022 05:08:06;5;5,4;3,7;27,2;0
28/04/2022 05:23:02;5;5,3;3,6;27,1;0
28/04/2022 05:38:01;4,8;5,1;3,5;27,1;0
28/04/2022 05:53:01;5;5,3;3,6;26,8;0
28/04/2022 06:08:08;4,8;5;3,4;26,8;0
28/04/2022 06:23:20;4,8;5,1;3,5;26,9;0
28/04/2022 06:38:13;5;5,3;3,6;26,6;0
28/04/2022 06:53:19;4,8;5;3,4;26,5;0
28/04/2022 07:08:14;5;5,1;3,5;26,4;0
28/04/2022 07:23:09;5;5,1;3,5;26,1;0
28/04/2022 07:38:06;4,8;5;3,4;26,4;0
28/04/2022 07:53:09;4,8;5;3,4;26,7;0
28/04/2022 08:07:59;4,8;5,1;3,5;27;0
28/04/2022 08:23:02;4,8;5,3;3,6;27,6;0
28/04/2022 08:38:19;4,8;5,3;3,6;27,6;0
28/04/2022 08:53:16;4,7;5,3;3,6;28,2;0
28/04/2022 09:08:06;4,7;5,3;3,6;28,2;0
28/04/2022 09:23:14;4,5;5,1;3,5;28,7;0
28/04/2022 09:38:10;4,5;5,3;3,6;29,3;0
28/04/2022 09:53:17;4,5;5,3;3,6;29,8;0
28/04/2022 10:08:18;4,4;5,3;3,6;30,3;0
28/04/2022 10:23:16;4,4;5,4;3,7;30,6;0
28/04/2022 10:38:02;4,4;5,6;3,8;31,1;0
28/04/2022 10:53:24;4,4;5,6;3,8;31,4;0
28/04/2022 11:08:03;4,4;5,7;3,9;31,9;0
28/04/2022 11:23:19;4,4;5,7;3,9;32,1;0
28/04/2022 11:38:21;4,2;5,6;3,8;32,3;0
28/04/2022 11:53:08;4,2;5,7;3,9;33,1;0
28/04/2022 12:08:24;4,2;5,6;3,8;32,9;0
28/04/2022 12:23:24;4,2;5,7;3,9;33,3;0
28/04/2022 12:38:12;4,2;5,7;3,9;33,3;0
28/04/2022 12:53:19;4,2;5,9;4;33,7;0
28/04/2022 13:08:15;4,2;5,7;3,9;33,5;0
28/04/2022 13:23:19;4,2;5,9;4;33,7;0
28/04/2022 13:38:24;4,2;5,9;4;33,7;0
28/04/2022 13:53:15;4,2;5,9;4;34,1;0
28/04/2022 14:08:26;4,2;5,9;4;34,1;0
28/04/2022 14:23:00;4,2;6;4,1;34,6;0
28/04/2022 14:38:05;4,2;6,1;4,2;35,1;0
28/04/2022 14:53:30;4,2;6,1;4,2;35,5;0
28/04/2022 15:08:12;4,2;6,3;4,3;35,6;0
28/04/2022 15:23:07;4,2;6,3;4,3;36;0
28/04/2022 15:38:04;4,1;6,3;4,3;36,2;0
28/04/2022 15:53:12;4,2;6,4;4,4;36,3;0
28/04/2022 16:08:10;4,2;6,4;4,4;36,3;0
28/04/2022 16:23:04;4,2;6,4;4,4;36,2;0
28/04/2022 16:38:15;4,2;6,4;4,4;36,2;0
28/04/2022 16:53:06;4,2;6,4;4,4;36,3;0,1
28/04/2022 17:08:41;4,2;6,4;4,4;36,2;0,1
28/04/2022 17:23:04;4,2;6,3;4,3;36;0,1
28/04/2022 17:38:16;4,2;6,3;4,3;36,1;0,1
28/04/2022 17:53:13;4,4;6,6;4,5;35,7;0,1
28/04/2022 18:08:10;4,4;6,4;4,4;35,3;0,1
28/04/2022 18:23:07;4,4;6,4;4,4;35,1;0,1
28/04/2022 18:38:24;4,4;6,3;4,3;34,7;0,1
28/04/2022 18:53:26;4,5;6,4;4,4;34,7;0,1
28/04/2022 19:08:01;4,5;6,4;4,4;34,6;0,1
28/04/2022 19:23:01;4,5;6,4;4,4;34,4;0,1
28/04/2022 19:38:06;4,5;6,3;4,3;34,1;0,1
28/04/2022 19:53:02;4,7;6,6;4,5;33,9;0
28/04/2022 20:08:12;4,7;6,4;4,4;33,7;0
28/04/2022 20:23:18;4,7;6,4;4,4;33,5;0
28/04/2022 20:38:09;4,7;6,4;4,4;33,3;0
28/04/2022 20:53:02;4,7;6,4;4,4;33,6;0
28/04/2022 21:08:14;4,7;6,4;4,4;33,3;0
28/04/2022 21:23:09;4,7;6,4;4,4;33,3;0
28/04/2022 21:38:09;4,7;6,3;4,3;32,9;0
28/04/2022 21:53:13;4,7;6,3;4,3;32,7;0
28/04/2022 22:08:10;4,7;6,1;4,2;32,4;0
28/04/2022 22:23:00;4,7;6,1;4,2;32,3;0
28/04/2022 22:38:21;4,7;6,1;4,2;32;0
28/04/2022 22:53:10;4,9;6,3;4,3;31,7;0
28/04/2022 23:08:20;4,9;6,1;4,2;31,4;0
28/04/2022 23:23:13;4,9;6,1;4,2;31,1;0
28/04/2022 23:38:09;4,9;6,1;4,2;30,9;0
28/04/2022 23:53:11;4,8;5,9;4;30,7;0
29/04/2022 00:08:02;4,8;5,9;4;30,5;0
29/04/2022 00:23:11;4,8;5,7;3,9;29,8;0
29/04/2022 00:38:08;5;5,9;4;29,3;0
29/04/2022 00:53:19;5;5,9;4;29,3;0
29/04/2022 01:08:20;5;5,7;3,9;28,7;0
29/04/2022 01:23:18;5;5,6;3,8;28,4;0
29/04/2022 01:38:15;5;5,4;3,7;27,8;0
29/04/2022 01:53:14;5,2;5,7;3,9;27,6;0
29/04/2022 02:08:15;5,1;5,4;3,7;27,3;0
29/04/2022 02:23:20;5,1;5,4;3,7;27,1;0
29/04/2022 02:38:18;5,1;5,4;3,7;26,9;0
29/04/2022 02:53:23;5,1;5,3;3,6;26,5;0
29/04/2022 03:08:22;5,1;5,3;3,6;26,5;0
29/04/2022 03:23:18;5,1;5,3;3,6;26,5;0
29/04/2022 03:38:22;5,1;5,3;3,6;26,4;0
29/04/2022 03:53:17;5;5,1;3,5;26,3;0
29/04/2022 04:08:17;5,1;5,3;3,6;26,2;0
29/04/2022 04:23:14;5,1;5,1;3,5;26;0
29/04/2022 04:38:15;5,1;5,1;3,5;25,8;0
29/04/2022 04:53:22;5,1;5,1;3,5;25,7;0
29/04/2022 05:08:16;5,1;5,1;3,5;25,5;0
29/04/2022 05:23:14;5,1;5,1;3,5;25,4;0
29/04/2022 05:38:14;5,1;5;3,4;25,1;0
29/04/2022 05:53:16;5,1;4,8;3,3;24,5;0
29/04/2022 06:08:26;5,1;4,8;3,3;24,5;0
29/04/2022 06:23:20;5,1;4,8;3,3;24,4;0
29/04/2022 06:38:16;5,1;4,8;3,3;24,3;0
29/04/2022 06:53:18;5,1;4,8;3,3;24,3;0
29/04/2022 07:08:24;5;4,8;3,3;24,9;0
29/04/2022 07:23:16;5;5;3,4;25,3;0
29/04/2022 07:38:09;5;4,8;3,3;25;0
29/04/2022 07:53:22;5;5;3,4;25,4;0
29/04/2022 08:08:28;4,8;4,8;3,3;25,7;0
29/04/2022 08:23:09;4,8;4,8;3,3;26;0
29/04/2022 08:38:40;4,7;4,8;3,3;26,5;0
29/04/2022 08:53:30;4,7;5;3,4;27,1;0
29/04/2022 09:08:24;4,7;5,1;3,5;27,5;0
29/04/2022 09:23:16;4,5;5;3,4;28,2;0
29/04/2022 09:38:26;4,5;5,1;3,5;28,9;0
29/04/2022 09:53:13;4,5;5,3;3,6;29,4;0
29/04/2022 10:08:12;4,4;5,3;3,6;29,9;0
29/04/2022 10:23:03;4,4;5,3;3,6;30,4;0
29/04/2022 10:38:30;4,4;5,4;3,7;30,9;0
29/04/2022 10:53:18;4,4;5,6;3,8;31,6;0
29/04/2022 11:08:24;4,4;5,7;3,9;31,9;0
29/04/2022 11:23:08;4,2;5,6;3,8;32,3;0
29/04/2022 11:38:54;4,2;5,6;3,8;32,5;0
29/04/2022 11:53:07;4,2;5,6;3,8;32,8;0
29/04/2022 12:08:05;4,2;5,6;3,8;32,8;0
29/04/2022 12:23:05;4,2;5,7;3,9;33,5;0
29/04/2022 12:38:23;4,2;5,7;3,9;33,3;0
29/04/2022 12:53:02;4,2;5,7;3,9;33,4;0
29/04/2022 13:08:00;4,2;5,7;3,9;33,5;0
29/04/2022 13:23:18;4,2;5,9;4;33,8;0
29/04/2022 13:38:20;4,2;6;4,1;34,4;0
29/04/2022 13:53:12;4,2;6;4,1;34,3;0
29/04/2022 14:08:00;4,2;6;4,1;34,4;0
29/04/2022 14:23:05;4,2;6;4,1;34,6;0
29/04/2022 14:38:03;4,2;6;4,1;34,8;0
29/04/2022 14:53:06;4,2;6,1;4,2;35;0
29/04/2022 15:08:15;4,2;6,1;4,2;35,4;0
29/04/2022 15:23:06;4,2;6,3;4,3;35,8;0
29/04/2022 15:38:33;4,2;6,3;4,3;35,9;0
29/04/2022 15:53:02;4,2;6,4;4,4;36,2;0
29/04/2022 16:08:31;4,2;6,3;4,3;36,1;0
29/04/2022 16:23:25;4,2;6,4;4,4;36,2;0
29/04/2022 16:38:20;4,2;6,3;4,3;36;0
29/04/2022 16:53:15;4,2;6,3;4,3;35,7;0
29/04/2022 17:08:16;4,4;6,6;4,5;35,7;0
29/04/2022 17:23:05;4,4;6,4;4,4;35,4;0
29/04/2022 17:38:30;4,4;6,4;4,4;35,2;0
29/04/2022 17:53:13;4,4;6,4;4,4;35,1;0
29/04/2022 18:08:37;4,4;6,3;4,3;34,8;0
29/04/2022 18:23:32;4,5;6,4;4,4;34,3;0
29/04/2022 18:38:20;4,5;6,4;4,4;34,3;0
29/04/2022 18:53:13;4,5;6,4;4,4;34,4;0
29/04/2022 19:08:27;4,5;6,4;4,4;34,6;0
29/04/2022 19:23:27;4,5;6,4;4,4;34,6;0
29/04/2022 19:38:32;4,5;6,4;4,4;34,5;0
29/04/2022 19:53:26;4,5;6,4;4,4;34,5;0
29/04/2022 20:08:21;4,5;6,4;4,4;34,3;0
29/04/2022 20:23:18;4,5;6,3;4,3;33,9;0
29/04/2022 20:38:17;4,7;6,4;4,4;33,7;0
29/04/2022 20:53:15;4,7;6,4;4,4;33,4;0
29/04/2022 21:08:17;4,7;6,3;4,3;33,1;0
29/04/2022 21:23:21;4,7;6,3;4,3;32,7;0
29/04/2022 21:38:22;4,7;6,3;4,3;32,6;0
29/04/2022 21:53:20;4,9;6,4;4,4;32,3;0
29/04/2022 22:08:13;4,9;6,3;4,3;31,9;0
29/04/2022 22:23:22;4,9;6,3;4,3;31,6;0
29/04/2022 22:38:20;4,9;6,1;4,2;31,2;0
29/04/2022 22:53:14;4,9;6,1;4,2;30,9;0
29/04/2022 23:08:23;4,8;5,9;4;30,6;0
29/04/2022 23:23:21;4,8;5,9;4;30,4;0
29/04/2022 23:38:15;5;6;4,1;30,1;0
29/04/2022 23:53:14;5;6;4,1;29,8;0
30/04/2022 00:08:00;5;5,9;4;29,4;0
30/04/2022 00:23:05;5;5,9;4;29,4;0
30/04/2022 00:38:00;5;5,9;4;29,3;0
30/04/2022 00:53:31;5;5,7;3,9;29;0
30/04/2022 01:08:05;5;5,7;3,9;28,8;0
30/04/2022 01:23:31;5;5,7;3,9;28,6;0
30/04/2022 01:38:01;5;5,6;3,8;28,2;0
30/04/2022 01:53:01;5;5,4;3,7;27,8;0
30/04/2022 02:08:30;5,1;5,4;3,7;27;0
30/04/2022 02:23:02;5,1;5,3;3,6;26,6;0
30/04/2022 02:38:02;5,1;5,3;3,6;26,2;0
30/04/2022 02:53:02;5,1;5,1;3,5;26;0
30/04/2022 03:08:21;5,1;5,1;3,5;25,8;0
30/04/2022 03:23:18;5,1;5,1;3,5;25,6;0
30/04/2022 03:38:21;5,1;5,1;3,5;25,5;0
30/04/2022 03:53:22;5,1;5,1;3,5;25,5;0
30/04/2022 04:08:22;5,1;5,1;3,5;25,5;0
30/04/2022 04:23:34;5,3;5,1;3,5;24,6;0
30/04/2022 04:38:31;5,1;5;3,4;24,6;0
30/04/2022 04:53:06;5,1;4,8;3,3;24,1;0
30/04/2022 05:08:15;5,1;4,7;3,2;23,7;0
30/04/2022 05:23:25;5,3;4,8;3,3;23,4;0
30/04/2022 05:38:20;5,3;4,8;3,3;23,4;0
30/04/2022 05:53:22;5,3;4,8;3,3;23,2;0
30/04/2022 06:08:29;5,3;4,8;3,3;23;0
30/04/2022 06:23:16;5,3;4,7;3,2;22,9;0
30/04/2022 06:38:11;5,3;4,7;3,2;22,9;0
30/04/2022 06:53:15;5,3;4,7;3,2;22,8;0
30/04/2022 07:08:17;5,1;4,5;3,1;22,8;0
30/04/2022 07:23:21;5,1;4,5;3,1;22,9;0
30/04/2022 07:38:17;5,1;4,7;3,2;23,5;0
30/04/2022 07:53:14;5;4,7;3,2;24;0
30/04/2022 08:08:16;5;4,8;3,3;24,7;0
30/04/2022 08:23:11;5;4,8;3,3;24,9;0
30/04/2022 08:38:19;4,8;4,8;3,3;25,7;0
30/04/2022 08:53:14;4,8;5;3,4;26,6;0
30/04/2022 09:08:14;4,7;5;3,4;27;0
30/04/2022 09:23:15;4,7;5,1;3,5;27,5;0
30/04/2022 09:38:30;4,5;5;3,4;28,1;0
30/04/2022 09:53:27;4,4;5;3,4;28,7;0
30/04/2022 10:08:33;4,4;5,1;3,5;29,2;0
30/04/2022 10:23:29;4,4;5,1;3,5;29,2;0
30/04/2022 10:38:00;4,4;5,3;3,6;29,8;0
30/04/2022 10:53:30;4,4;5,3;3,6;30,4;0
30/04/2022 11:08:01;4,2;5,1;3,5;30,7;0
30/04/2022 11:23:30;4,2;5,3;3,6;31,1;0
30/04/2022 11:38:28;4,2;5,3;3,6;31,4;0
30/04/2022 11:53:32;4,2;5,4;3,7;31,6;0
30/04/2022 12:08:29;4,2;5,4;3,7;32;0
30/04/2022 12:23:04;4,2;5,4;3,7;32,2;0
30/04/2022 12:38:01;4,2;5,6;3,8;32,6;0
30/04/2022 12:53:01;4,2;5,6;3,8;32,7;0
30/04/2022 13:08:28;4,2;5,6;3,8;32,7;0
30/04/2022 13:23:08;4,1;5,6;3,8;33,2;0
30/04/2022 13:38:30;4,1;5,6;3,8;33,1;0
30/04/2022 13:53:00;4,1;5,6;3,8;33,2;0
30/04/2022 14:08:32;4,2;5,7;3,9;33,4;0
30/04/2022 14:23:34;4,2;5,7;3,9;33,5;0
30/04/2022 14:38:04;4,2;5,9;4;33,8;0
30/04/2022 14:53:33;4,2;5,9;4;33,8;0
30/04/2022 15:08:00;4,2;5,9;4;33,9;0
30/04/2022 15:23:03;4,2;5,9;4;33,8;0
30/04/2022 15:38:04;4,2;5,9;4;33,9;0
30/04/2022 15:53:29;4,2;5,9;4;34,1;0
30/04/2022 16:08:31;4,2;5,9;4;34;0
30/04/2022 16:23:28;4,2;5,9;4;34;0
30/04/2022 16:38:02;4,2;5,9;4;33,9;0
30/04/2022 16:53:07;4,2;5,9;4;33,7;0
30/04/2022 17:08:06;4,2;5,9;4;33,7;0
30/04/2022 17:23:08;4,4;6;4,1;33,6;0
30/04/2022 17:38:07;4,4;6;4,1;33,4;0
30/04/2022 17:53:02;4,4;6;4,1;33,2;0
30/04/2022 18:08:07;4,4;6;4,1;33,1;0
30/04/2022 18:23:04;4,4;5,9;4;32,9;0
30/04/2022 18:38:03;4,5;6;4,1;32,7;0
30/04/2022 18:53:30;4,5;6;4,1;32,8;0
30/04/2022 19:08:03;4,5;6;4,1;32,8;0
30/04/2022 19:23:05;4,5;6;4,1;32,7;0
30/04/2022 19:38:29;4,5;6;4,1;32,6;0
30/04/2022 19:53:12;4,5;6;4,1;32,5;0
30/04/2022 20:08:15;4,5;5,9;4;32,2;0
30/04/2022 20:23:13;4,5;5,9;4;32;0
30/04/2022 20:38:11;4,5;5,7;3,9;31,8;0
30/04/2022 20:53:13;4,7;6;4,1;31,6;0
30/04/2022 21:08:09;4,7;5,9;4;31,3;0
30/04/2022 21:23:08;4,7;5,9;4;30,8;0
30/04/2022 21:38:11;4,7;5,7;3,9;30,4;0
30/04/2022 21:53:05;4,7;5,7;3,9;30,1;0
30/04/2022 22:08:13;4,8;5,7;3,9;29,9;0
30/04/2022 22:23:15;4,7;5,6;3,8;29,7;0
30/04/2022 22:38:14;4,8;5,6;3,8;29,5;0
30/04/2022 22:53:14;4,8;5,6;3,8;29,3;0
30/04/2022 23:08:13;4,8;5,6;3,8;29;0
30/04/2022 23:23:13;4,8;5,6;3,8;28,9;0
30/04/2022 23:38:14;4,8;5,4;3,7;28,7;0
30/04/2022 23:53:11;4,8;5,4;3,7;28,5;0
01/05/2022 00:08:26;4,8;5,4;3,7;28,5;0
01/05/2022 00:23:03;4,8;5,3;3,6;28;0
01/05/2022 00:38:27;5;5,4;3,7;27,3;0
01/05/2022 00:53:02;4,8;5,1;3,5;27,1;0
01/05/2022 01:08:23;5;5,1;3,5;26,2;0
01/05/2022 01:23:28;5;5,1;3,5;26;0
01/05/2022 01:38:26;5;5,1;3,5;25,9;0
01/05/2022 01:53:29;5;5;3,4;25,5;0
01/05/2022 02:08:25;5,1;5;3,4;25,1;0
01/05/2022 02:23:02;5,1;5;3,4;24,9;0
01/05/2022 02:38:35;5,1;5;3,4;24,6;0
01/05/2022 02:53:01;5;5;3,4;25,1;0
01/05/2022 03:08:10;5,1;4,8;3,3;23,9;0
01/05/2022 03:23:07;5,1;4,8;3,3;24;0
01/05/2022 03:38:06;5,1;4,7;3,2;23,7;0
01/05/2022 03:53:01;5,1;4,7;3,2;23,3;0
01/05/2022 04:08:03;5,1;4,7;3,2;23,3;0
01/05/2022 04:23:06;5,1;4,5;3,1;23;0
01/05/2022 04:38:03;5,1;4,5;3,1;22,8;0
01/05/2022 04:53:05;5,1;4,5;3,1;22,6;0
01/05/2022 05:08:02;5,1;4,4;3;22,3;0
01/05/2022 05:23:12;5,1;4,4;3;22,1;0
01/05/2022 05:38:06;5,1;4,4;3;21,8;0
01/05/2022 05:53:11;5,1;4,4;3;21,6;-0,1
01/05/2022 06:08:07;5,1;4,2;2,9;21,4;-0,1
01/05/2022 06:23:06;5,1;4,2;2,9;21,3;-0,1
01/05/2022 06:38:03;5,1;4,2;2,9;21,1;-0,1
01/05/2022 06:53:04;5,1;4,2;2,9;20,9;-0,1
01/05/2022 07:08:04;5,1;4,2;2,9;20,9;-0,1
01/05/2022 07:23:02;5,1;4,2;2,9;20,9;-0,1
01/05/2022 07:38:05;5,1;4,2;2,9;21,3;-0,1
01/05/2022 07:53:00;5,1;4,4;3;22,1;-0,1
01/05/2022 08:08:04;5;4,5;3,1;22,9;-0,1
01/05/2022 08:23:00;4,8;4,5;3,1;23,9;-0,1
01/05/2022 08:38:05;4,8;4,7;3,2;24,6;-0,1
01/05/2022 08:53:11;4,7;4,7;3,2;25,3;0
01/05/2022 09:08:08;4,7;4,8;3,3;26;0
01/05/2022 09:23:23;4,7;4,8;3,3;26,6;0
01/05/2022 09:38:24;4,5;4,8;3,3;27,1;0
01/05/2022 09:53:32;4,5;4,8;3,3;27,6;0
01/05/2022 10:08:29;4,4;5;3,4;28,3;0
01/05/2022 10:23:24;4,4;5;3,4;28,6;0
01/05/2022 10:38:27;4,2;4,8;3,3;29,2;0
01/05/2022 10:53:26;4,2;5;3,4;29,7;0
01/05/2022 11:08:26;4,2;5;3,4;30;0
01/05/2022 11:23:23;4,2;5,1;3,5;30,5;0
01/05/2022 11:38:26;4;5;3,4;31,3;0
01/05/2022 11:53:22;4;5,1;3,5;31,9;0
01/05/2022 12:08:27;4,1;5,4;3,7;32,4;0
01/05/2022 12:23:27;4;5,1;3,5;32,1;0
01/05/2022 12:38:25;4,1;5,4;3,7;32,6;0
01/05/2022 12:53:29;3,9;5,3;3,6;33;0
01/05/2022 13:08:25;4,1;5,4;3,7;32,6;0
01/05/2022 13:23:30;4,1;5,6;3,8;33,2;0
01/05/2022 13:38:00;4,1;5,6;3,8;33,3;0
01/05/2022 13:53:24;4,1;5,6;3,8;33,5;0
01/05/2022 14:08:29;4,1;5,7;3,9;33,7;0
01/05/2022 14:23:28;3,9;5,4;3,7;34,1;0
01/05/2022 14:38:26;4,1;5,7;3,9;33,9;0
01/05/2022 14:53:28;4,1;5,7;3,9;34;0
01/05/2022 15:08:01;4,1;5,7;3,9;34;0
01/05/2022 15:23:30;4,1;5,7;3,9;34,1;0
01/05/2022 15:38:00;4,1;5,7;3,9;33,6;0
01/05/2022 15:53:27;4,1;5,7;3,9;33,8;0
01/05/2022 16:08:28;4,1;5,6;3,8;33,5;0
01/05/2022 16:22:59;4,1;5,7;3,9;33,6;0
01/05/2022 16:38:31;4,2;5,7;3,9;33,5;0
01/05/2022 16:53:28;4,2;5,7;3,9;33,5;0
01/05/2022 17:08:29;4,2;5,7;3,9;33,3;0
01/05/2022 17:23:34;4,2;5,7;3,9;33,3;0
01/05/2022 17:37:59;4,2;5,7;3,9;33,3;0
01/05/2022 17:53:30;4,2;5,7;3,9;33,2;0
01/05/2022 18:08:30;4,2;5,7;3,9;33,2;0
01/05/2022 18:23:31;4,4;5,9;4;32,9;0
01/05/2022 18:38:00;4,4;5,9;4;33;0
01/05/2022 18:53:32;4,2;5,7;3,9;33,2;0
01/05/2022 19:08:27;4,4;6;4,1;33,1;0
01/05/2022 19:23:27;4,4;6;4,1;33,1;0
01/05/2022 19:38:02;4,4;5,7;3,9;32,3;0
01/05/2022 19:53:28;4,4;5,7;3,9;31,9;0
01/05/2022 20:08:35;4,5;5,7;3,9;31,5;0
01/05/2022 20:23:02;4,5;5,7;3,9;31,2;0
01/05/2022 20:38:02;4,5;5,6;3,8;31;0
01/05/2022 20:53:28;4,7;5,7;3,9;30,7;0
01/05/2022 21:08:02;4,7;5,7;3,9;30,6;0
01/05/2022 21:23:28;4,7;5,7;3,9;30,5;0
01/05/2022 21:38:01;4,7;5,7;3,9;30,4;0
01/05/2022 21:53:03;4,7;5,7;3,9;30,3;0
01/05/2022 22:08:04;4,7;5,7;3,9;30,2;0
01/05/2022 22:23:00;4,7;5,6;3,8;29,9;0
01/05/2022 22:38:03;4,8;5,6;3,8;29,3;0
01/05/2022 22:53:06;4,8;5,6;3,8;29;0
01/05/2022 23:08:04;4,7;5,4;3,7;29,1;0
01/05/2022 23:23:05;4,7;5,4;3,7;29;0
01/05/2022 23:38:06;4,7;5,3;3,6;28,7;0
01/05/2022 23:53:04;4,8;5,3;3,6;27,8;0
02/05/2022 00:08:55;4,8;5,3;3,6;27,8;0
02/05/2022 00:23:25;4,8;5,3;3,6;27,6;0
02/05/2022 00:38:32;4,8;5,1;3,5;27,3;0
02/05/2022 00:53:27;4,8;5,1;3,5;27,2;0
02/05/2022 01:08:03;4,8;5,1;3,5;26,9;0
02/05/2022 01:23:25;4,8;5;3,4;26,5;0
02/05/2022 01:38:25;4,8;5;3,4;26,5;0
02/05/2022 01:53:29;4,8;5;3,4;26,2;0
02/05/2022 02:08:18;4,8;4,8;3,3;25,9;0
02/05/2022 02:23:12;5;5;3,4;25,4;0
02/05/2022 02:38:10;5;5;3,4;25,4;0
02/05/2022 02:53:14;5;5;3,4;25,2;0
02/05/2022 03:08:25;5;4,8;3,3;24,6;0
02/05/2022 03:23:31;5;4,8;3,3;24,6;0
02/05/2022 03:38:04;5;4,7;3,2;24,3;0
02/05/2022 03:53:26;5;4,7;3,2;24,1;0
02/05/2022 04:08:23;5;4,7;3,2;23,7;0
02/05/2022 04:23:23;5;4,5;3,1;23,5;0
02/05/2022 04:38:21;5;4,7;3,2;23,6;0
02/05/2022 04:53:22;5;4,5;3,1;23,5;0
02/05/2022 05:08:21;5;4,5;3,1;23,3;0
02/05/2022 05:23:24;5;4,5;3,1;23,2;0
02/05/2022 05:38:29;5;4,5;3,1;23,2;0
02/05/2022 05:53:22;5;4,5;3,1;22,9;0
02/05/2022 06:08:23;5;4,4;3;22,8;0
02/05/2022 06:23:26;5;4,4;3;22,7;0
02/05/2022 06:38:24;5;4,5;3,1;22,9;0
02/05/2022 06:53:25;5;4,5;3,1;22,9;0
02/05/2022 07:08:26;5;4,4;3;22,7;0
02/05/2022 07:23:04;5;4,4;3;22,8;0
02/05/2022 07:38:04;5;4,5;3,1;23;0
02/05/2022 07:53:01;4,8;4,4;3;23,4;0
02/05/2022 08:08:03;4,8;4,5;3,1;24,3;0
02/05/2022 08:23:03;4,8;4,7;3,2;24,7;0
02/05/2022 08:38:15;4,7;4,5;3,1;25,1;0
02/05/2022 08:53:22;4,7;4,8;3,3;25,9;0
02/05/2022 09:08:26;4,5;4,7;3,2;26,9;0
02/05/2022 09:23:33;4,4;4,8;3,3;27,7;0
02/05/2022 09:38:29;4,4;5;3,4;28,3;0
02/05/2022 09:53:24;4,2;4,8;3,3;29,2;0
02/05/2022 10:08:27;4,2;5;3,4;29,7;0
02/05/2022 10:23:26;4,2;5,1;3,5;30,3;0
02/05/2022 10:38:05;4,2;5,1;3,5;30,7;0
02/05/2022 10:53:10;4,2;5,3;3,6;31,1;0
02/05/2022 11:08:30;4;5;3,4;31,4;0
02/05/2022 11:23:29;4;5,1;3,5;31,9;0
02/05/2022 11:38:30;4,1;5,4;3,7;32,5;0
02/05/2022 11:53:22;4,1;5,4;3,7;32,6;0
02/05/2022 12:08:33;4,1;5,4;3,7;32,6;0
02/05/2022 12:23:34;4,1;5,4;3,7;32,5;0
02/05/2022 12:38:22;4,1;5,4;3,7;32,6;0
02/05/2022 12:53:12;4,1;5,6;3,8;33;0
02/05/2022 13:08:14;4,1;5,6;3,8;33;0
02/05/2022 13:23:20;4,1;5,6;3,8;33,4;0
02/05/2022 13:38:15;4,1;5,6;3,8;33,5;0
02/05/2022 13:54:11;4,1;5,7;3,9;33,6;0
02/05/2022 14:09:49;4,1;5,7;3,9;33,7;0
02/05/2022 14:24:09;4,1;5,7;3,9;34,1;0
02/05/2022 14:39:29;4,1;5,9;4;34,3;0
02/05/2022 14:54:21;4,1;5,9;4;34,3;0
02/05/2022 15:09:27;4,1;5,7;3,9;34,2;0
02/05/2022 15:24:36;4,1;5,9;4;34,3;0
02/05/2022 15:39:00;4,1;5,9;4;34,3;0
02/05/2022 15:54:41;4,1;5,9;4;34,8;0
02/05/2022 16:09:33;4,2;6;4,1;34,6;0
02/05/2022 16:24:31;4,2;6;4,1;34,8;0
02/05/2022 16:39:33;4,2;6,1;4,2;35;0
02/05/2022 16:54:47;4,2;6,1;4,2;35,2;0
02/05/2022 17:09:21;4,2;6,1;4,2;35,3;0
02/05/2022 17:24:30;4,2;6,1;4,2;35,2;0
02/05/2022 17:39:04;4,2;6,1;4,2;35,2;0
02/05/2022 17:54:23;4,2;6;4,1;34,7;0
02/05/2022 18:09:40;4,2;6;4,1;34,6;0
02/05/2022 18:24:28;4,2;6;4,1;34,4;0
02/05/2022 18:39:31;4,4;6,3;4,3;34,4;0
02/05/2022 18:54:25;4,4;6,3;4,3;34,4;0
02/05/2022 19:09:28;4,4;6,1;4,2;34,2;0
02/05/2022 19:24:36;4,4;6,1;4,2;34,1;0
02/05/2022 19:39:08;4,4;6,3;4,3;34,3;0
02/05/2022 19:54:12;4,5;6,3;4,3;34;0
02/05/2022 20:09:28;4,5;6,3;4,3;34,2;0
02/05/2022 20:24:31;4,4;6,1;4,2;34,2;0
02/05/2022 20:39:27;4,5;6,3;4,3;34,1;0
02/05/2022 20:54:31;4,5;6,3;4,3;34;0
02/05/2022 21:09:32;4,5;6,3;4,3;33,8;0
02/05/2022 21:24:00;4,5;6,1;4,2;33,6;0
02/05/2022 21:39:03;4,5;6,1;4,2;33,4;0
02/05/2022 21:54:28;4,5;6,1;4,2;33,1;0
02/05/2022 22:09:00;4,7;6,3;4,3;32,9;0
02/05/2022 22:24:02;4,5;6;4,1;32,8;0
02/05/2022 22:39:15;4,5;6;4,1;32,7;0
02/05/2022 22:54:09;4,7;6,1;4,2;32,3;0
02/05/2022 23:09:15;4,7;6,1;4,2;32,2;0
02/05/2022 23:24:18;4,7;6;4,1;31,8;0
02/05/2022 23:39:16;4,7;6;4,1;31,6;0
02/05/2022 23:54:17;4,7;5,9;4;31,2;0
03/05/2022 00:08:59;4,9;6;4,1;30,8;0
03/05/2022 00:24:18;4,8;5,9;4;30,7;0
03/05/2022 00:39:20;4,8;5,9;4;30,6;0
03/05/2022 00:54:19;4,8;5,9;4;30,3;0
03/05/2022 01:09:13;4,7;5,7;3,9;30,1;0
03/05/2022 01:24:20;4,8;5,7;3,9;29,9;0
03/05/2022 01:39:20;4,8;5,7;3,9;29,8;0
03/05/2022 01:54:20;4,8;5,6;3,8;29,5;0
03/05/2022 02:09:15;4,8;5,6;3,8;29,3;0
03/05/2022 02:24:15;4,8;5,6;3,8;29,2;0
03/05/2022 02:39:16;4,8;5,6;3,8;29;0
03/05/2022 02:54:13;4,8;5,6;3,8;28,9;0
03/05/2022 03:09:16;4,8;5,4;3,7;28,7;0
03/05/2022 03:24:15;4,8;5,4;3,7;28,4;0
03/05/2022 03:39:18;4,8;5,4;3,7;28,5;0
03/05/2022 03:54:18;4,8;5,4;3,7;28,7;0
03/05/2022 04:09:21;4,8;5,4;3,7;28,2;0
03/05/2022 04:24:31;4,8;5,3;3,6;28,1;0
03/05/2022 04:39:24;4,8;5,3;3,6;27,6;0
03/05/2022 04:54:24;4,8;5,3;3,6;27,7;0
03/05/2022 05:09:32;4,8;5,3;3,6;27,6;0
03/05/2022 05:24:01;4,8;5,3;3,6;28;0
03/05/2022 05:39:26;4,7;5,1;3,5;27,7;0
03/05/2022 05:54:32;4,7;5,1;3,5;27,9;0
03/05/2022 06:09:05;4,8;5,3;3,6;27,9;0
03/05/2022 06:24:01;4,7;5,1;3,5;27,6;0
03/05/2022 06:39:02;4,8;5,1;3,5;27,3;0
03/05/2022 06:54:32;4,8;5,1;3,5;27,1;0
03/05/2022 07:09:31;4,8;5,1;3,5;27,3;0
03/05/2022 07:24:35;4,8;5,3;3,6;27,6;0
03/05/2022 07:39:25;4,7;5,1;3,5;27,4;0
03/05/2022 07:54:27;4,7;5;3,4;27,3;0
03/05/2022 08:09:32;4,7;5,1;3,5;27,6;0
03/05/2022 08:24:33;4,7;5,3;3,6;28,1;0
03/05/2022 08:39:30;4,7;5,3;3,6;28,6;0
03/05/2022 08:54:11;4,5;5,1;3,5;29;0
03/05/2022 09:09:12;4,5;5,3;3,6;29,5;0
03/05/2022 09:24:14;4,5;5,4;3,7;30,1;0
03/05/2022 09:39:31;4,4;5,4;3,7;30,7;0
03/05/2022 09:54:01;4,4;5,6;3,8;31,3;0
03/05/2022 10:09:28;4,2;5,4;3,7;32;0
03/05/2022 10:24:23;4,2;5,4;3,7;32,1;0
03/05/2022 10:39:05;4,2;5,6;3,8;32,6;0
03/05/2022 10:54:38;4,2;5,7;3,9;33;0
03/05/2022 11:09:29;4,2;5,7;3,9;33,5;0
03/05/2022 11:24:10;4,2;5,7;3,9;33,6;0
03/05/2022 11:39:01;4,2;5,9;4;34,2;0
03/05/2022 11:54:26;4,1;5,9;4;34,8;0
03/05/2022 12:09:19;4,1;6;4,1;35,3;0
03/05/2022 12:24:20;4,1;6;4,1;35,3;0
03/05/2022 12:39:13;4,1;6,1;4,2;35,6;0
03/05/2022 12:54:06;4,1;6;4,1;35,4;0
03/05/2022 13:10:12;4,1;6;4,1;35,4;0
03/05/2022 13:25:20;4,1;6,1;4,2;35,9;0
03/05/2022 13:40:10;4,1;6,1;4,2;35,8;0
03/05/2022 13:55:27;4,1;6,1;4,2;35,7;0
03/05/2022 14:10:28;4,1;6,1;4,2;36;0
03/05/2022 14:25:26;4,1;6,3;4,3;36,6;0
03/05/2022 14:40:31;4,2;6,4;4,4;36,2;0
03/05/2022 14:55:29;4,1;6,3;4,3;36,6;0
03/05/2022 15:10:25;4,2;6,4;4,4;36,5;0
03/05/2022 15:25:15;4,2;6,4;4,4;36,5;0
03/05/2022 15:40:20;4,2;6,4;4,4;36,6;0
03/05/2022 15:55:20;4,2;6,4;4,4;36,3;0
03/05/2022 16:10:05;4,2;6,4;4,4;36,4;0
03/05/2022 16:25:00;4,2;6,4;4,4;36,4;0
03/05/2022 16:40:08;4,2;6,4;4,4;36,4;0
03/05/2022 16:55:08;4,2;6,4;4,4;36,3;0
03/05/2022 17:10:10;4,2;6,4;4,4;36,3;0
03/05/2022 17:25:21;4,2;6,4;4,4;36,3;0
03/05/2022 17:40:14;4,4;6,6;4,5;35,9;0
03/05/2022 17:55:07;4,4;6,6;4,5;35,6;0,1
03/05/2022 18:10:14;4,4;6,4;4,4;35,4;0,1
03/05/2022 18:25:12;4,4;6,4;4,4;35;0,1
03/05/2022 18:40:13;4,5;6,4;4,4;34,4;0,1
03/05/2022 18:55:07;4,5;6,4;4,4;34,3;0
03/05/2022 19:10:10;4,5;6,3;4,3;34,1;0
03/05/2022 19:25:13;4,5;6,3;4,3;34,2;0
03/05/2022 19:40:17;4,7;6,6;4,5;34;0
03/05/2022 19:55:08;4,7;6,6;4,5;33,8;0,1
03/05/2022 20:10:36;4,7;6,4;4,4;33,7;0,1
03/05/2022 20:25:32;4,7;6,4;4,4;33,6;0,1
03/05/2022 20:40:34;4,7;6,4;4,4;33,4;0,1
03/05/2022 20:55:03;4,7;6,3;4,3;33;0
03/05/2022 21:10:01;4,9;6,6;4,5;32,8;0
03/05/2022 21:25:04;4,9;6,4;4,4;32,3;0
03/05/2022 21:39:59;4,9;6,3;4,3;32;0
03/05/2022 21:55:03;4,9;6,4;4,4;32,1;0
03/05/2022 22:10:09;4,9;6,3;4,3;31,9;0
03/05/2022 22:25:08;4,9;6,1;4,2;31,2;0
03/05/2022 22:40:15;4,9;6,1;4,2;30,9;0
03/05/2022 22:55:11;5;6;4,1;30,3;0
03/05/2022 23:10:07;5;6;4,1;30,2;0
03/05/2022 23:25:03;5;6;4,1;29,8;0
03/05/2022 23:40:00;5;5,9;4;29,6;0
03/05/2022 23:55:02;5;5,9;4;29,6;0
04/05/2022 00:10:06;5,2;5,9;4;28,4;0
04/05/2022 00:25:07;5,2;5,7;3,9;28,1;0
04/05/2022 00:40:07;5;5,6;3,8;27,9;0
04/05/2022 00:55:06;5,2;5,7;3,9;27,6;0
04/05/2022 01:10:13;5,2;5,7;3,9;27,8;0
04/05/2022 01:25:06;5,2;5,7;3,9;27,6;0
04/05/2022 01:40:13;5,1;5,3;3,6;26,6;0
04/05/2022 01:55:09;5,1;5,4;3,7;26,7;0
04/05/2022 02:10:03;5,1;5,3;3,6;26,4;0
04/05/2022 02:25:06;5,1;5,3;3,6;26,1;0
04/05/2022 02:40:09;5,1;5,1;3,5;26;0
04/05/2022 02:55:07;5,1;5,3;3,6;26,1;0
04/05/2022 03:10:23;5,1;5,1;3,5;25,8;0
04/05/2022 03:25:22;5,1;5,1;3,5;25,5;0
04/05/2022 03:40:24;5,1;5,1;3,5;25,4;0
04/05/2022 03:55:18;5,1;5;3,4;24,8;0
04/05/2022 04:10:17;5,1;5;3,4;24,8;0
04/05/2022 04:25:05;5,1;5;3,4;24,8;0
04/05/2022 04:40:07;5,1;5;3,4;24,6;0
04/05/2022 04:55:06;5,1;5;3,4;24,6;0
04/05/2022 05:10:06;5,1;4,8;3,3;24,2;0
04/05/2022 05:25:05;5,1;4,8;3,3;24;0
04/05/2022 05:40:11;5,1;4,8;3,3;24,3;0
04/05/2022 05:55:06;5;4,8;3,3;24,6;0
04/05/2022 06:10:19;5;4,8;3,3;24,9;0
04/05/2022 06:25:15;5;4,8;3,3;24,4;0
04/05/2022 06:40:19;5;4,7;3,2;24,2;0
04/05/2022 06:55:07;5;4,8;3,3;24,7;0
04/05/2022 07:10:15;5;4,8;3,3;24,9;0
04/05/2022 07:25:18;4,8;4,7;3,2;25,2;0
04/05/2022 07:40:39;5;5;3,4;25,5;0
04/05/2022 07:55:07;5;5;3,4;25,5;0
04/05/2022 08:10:12;4,8;4,8;3,3;25,9;0
04/05/2022 08:25:14;4,8;4,8;3,3;25,9;0
04/05/2022 08:40:25;4,8;5;3,4;26,1;0
04/05/2022 08:55:04;4,7;4,8;3,3;26,3;0
04/05/2022 09:10:36;4,7;4,8;3,3;26,5;0
04/05/2022 09:25:06;4,7;5;3,4;27;0
04/05/2022 09:40:04;4,7;5;3,4;27,3;0
04/05/2022 09:55:36;4,7;5,1;3,5;27,9;0
04/05/2022 10:10:05;4,5;5;3,4;28;0
04/05/2022 10:25:09;4,5;5;3,4;28,4;0
04/05/2022 10:40:28;4,5;5,1;3,5;29;0
04/05/2022 10:55:07;4,5;5,3;3,6;29,3;0
04/05/2022 11:10:18;4,4;5,3;3,6;30;0
04/05/2022 11:25:30;4,4;5,3;3,6;30,4;0
04/05/2022 11:40:03;4,4;5,4;3,7;30,9;0
04/05/2022 11:55:00;4,2;5,3;3,6;31,4;0
04/05/2022 12:10:34;4,2;5,4;3,7;31,9;0
04/05/2022 12:25:04;4,2;5,4;3,7;32,2;0
04/05/2022 12:40:06;4,2;5,4;3,7;32,2;0
04/05/2022 12:55:12;4,2;5,6;3,8;32,4;0
04/05/2022 13:10:14;4,2;5,6;3,8;32,4;0
04/05/2022 13:25:30;4,2;5,6;3,8;32,5;0
04/05/2022 13:40:11;4,2;5,6;3,8;32,7;0
04/05/2022 13:55:41;4,2;5,7;3,9;33;0
04/05/2022 14:10:37;4,2;5,7;3,9;33,2;0
04/05/2022 14:25:46;4,2;5,7;3,9;33,3;0
04/05/2022 14:39:59;4,2;5,7;3,9;33,5;0
04/05/2022 14:55:00;4,2;5,7;3,9;33,5;0
04/05/2022 15:10:00;4,2;5,7;3,9;33,6;0
04/05/2022 15:25:28;4,2;5,7;3,9;33,5;0
04/05/2022 15:40:51;4,2;5,9;4;33,8;0
04/05/2022 15:55:17;4,2;5,7;3,9;33,6;0
04/05/2022 16:10:30;4,2;5,7;3,9;33,5;0
04/05/2022 16:25:27;4,2;5,7;3,9;33,5;0
04/05/2022 16:40:15;4,2;5,7;3,9;33,4;0
04/05/2022 16:55:10;4,4;6;4,1;33,1;0
04/05/2022 17:10:20;4,4;5,9;4;33;0
04/05/2022 17:25:17;4,4;5,9;4;32,7;0
04/05/2022 17:40:20;4,4;5,9;4;32,5;0
04/05/2022 17:55:13;4,5;5,9;4;32,2;0
04/05/2022 18:10:21;4,5;5,9;4;31,9;0
04/05/2022 18:25:16;4,7;5,9;4;31,1;0
04/05/2022 18:40:20;4,7;5,7;3,9;30,7;0
04/05/2022 18:55:10;4,7;5,7;3,9;30,4;0
04/05/2022 19:10:13;4,8;5,9;4;30,3;0
04/05/2022 19:25:18;4,7;5,7;3,9;30,1;0
04/05/2022 19:40:18;4,7;5,7;3,9;30,1;0
04/05/2022 19:55:13;4,8;5,7;3,9;29,9;0
04/05/2022 20:10:09;4,8;5,7;3,9;29,8;0
04/05/2022 20:25:01;4,8;5,6;3,8;29,3;0
04/05/2022 20:40:02;4,8;5,6;3,8;28,9;0
04/05/2022 20:55:08;5;5,7;3,9;28,7;0
04/05/2022 21:10:16;5;5,6;3,8;28,4;0
04/05/2022 21:25:16;5;5,6;3,8;28,3;0
04/05/2022 21:40:11;5;5,6;3,8;28,2;0
04/05/2022 21:55:18;5;5,4;3,7;27,7;0
04/05/2022 22:10:29;5;5,4;3,7;27,4;0
04/05/2022 22:25:31;5;5,4;3,7;27,3;0
04/05/2022 22:40:55;5;5,3;3,6;26,8;0
04/05/2022 22:55:06;5;5,1;3,5;26,3;0
04/05/2022 23:10:05;5;5,1;3,5;26;0
04/05/2022 23:25:07;5,1;5,1;3,5;26;0
04/05/2022 23:40:06;5,1;5,1;3,5;25,6;0
04/05/2022 23:55:04;5,1;5,1;3,5;25,5;0
05/05/2022 00:10:00;5,1;5,1;3,5;25,5;0
05/05/2022 00:25:12;5,1;5,1;3,5;25,5;0
05/05/2022 00:40:18;5,1;5;3,4;24,6;0
05/05/2022 00:55:16;5,1;4,8;3,3;24,3;0
05/05/2022 01:10:18;5,1;4,8;3,3;24,3;0
05/05/2022 01:25:15;5,1;4,8;3,3;24,1;0
05/05/2022 01:40:18;5,1;4,7;3,2;23,6;0
05/05/2022 01:55:13;5,1;4,7;3,2;23,5;0
05/05/2022 02:10:17;5,1;4,7;3,2;23,5;0
05/05/2022 02:25:18;5,1;4,7;3,2;23,5;0
05/05/2022 02:40:33;5,1;4,7;3,2;23,2;0
05/05/2022 02:55:14;5,1;4,7;3,2;23,3;0
05/05/2022 03:10:16;5,1;4,5;3,1;22,4;0
05/05/2022 03:25:18;5,1;4,5;3,1;22,7;0
05/05/2022 03:40:13;5,1;4,5;3,1;22,8;0
05/05/2022 03:55:15;5;4,5;3,1;23;0
05/05/2022 04:10:18;5;4,4;3;22,7;0
05/05/2022 04:25:20;5;4,4;3;22,7;0
05/05/2022 04:40:11;5;4,5;3,1;22,9;0
05/05/2022 04:55:15;5;4,4;3;22,7;-0,1
05/05/2022 05:10:12;5;4,4;3;22,5;-0,1
05/05/2022 05:25:11;5;4,4;3;22,5;-0,1
05/05/2022 05:40:11;5;4,4;3;22,5;-0,1
05/05/2022 05:55:12;5;4,4;3;22,2;-0,1
05/05/2022 06:10:20;5;4,4;3;22,5;-0,1
05/05/2022 06:25:14;5;4,4;3;22,4;-0,1
05/05/2022 06:40:11;5;4,5;3,1;22,9;-0,1
05/05/2022 06:55:17;5;4,5;3,1;22,9;0
05/05/2022 07:10:17;4,8;4,2;2,9;23;0
05/05/2022 07:25:16;4,8;4,2;2,9;22,7;0
05/05/2022 07:40:19;4,8;4,2;2,9;22,7;0
05/05/2022 07:55:18;4,8;4,2;2,9;22,9;-0,1
05/05/2022 08:10:24;4,8;4,4;3;23,3;-0,1
05/05/2022 08:25:18;4,8;4,4;3;23,3;-0,1
05/05/2022 08:40:25;4,8;4,4;3;23,7;-0,1
05/05/2022 08:55:23;4,8;4,4;3;23,5;-0,1
05/05/2022 09:10:24;4,8;4,4;3;23,5;-0,1
05/05/2022 09:25:19;4,8;4,5;3,1;24,2;-0,1
05/05/2022 09:40:27;4,8;4,5;3,1;24,1;-0,1
05/05/2022 09:55:07;4,7;4,5;3,1;24,4;-0,1
05/05/2022 10:10:17;4,7;4,5;3,1;24,9;-0,1
05/05/2022 10:25:11;4,7;4,5;3,1;24,9;-0,1
05/05/2022 10:40:20;4,5;4,5;3,1;25,7;-0,1
05/05/2022 10:55:16;4,5;4,7;3,2;26,2;0
05/05/2022 11:10:22;4,5;4,7;3,2;26,5;0
05/05/2022 11:25:13;4,5;4,7;3,2;26,5;0
05/05/2022 11:40:16;4,5;5;3,4;27,7;0
05/05/2022 11:55:17;4,4;5;3,4;28,4;0
05/05/2022 12:10:11;4,4;5;3,4;28,7;0
05/05/2022 12:25:16;4,2;4,8;3,3;28,9;0
05/05/2022 12:40:24;4,4;5;3,4;28,8;0
05/05/2022 12:55:22;4,2;5;3,4;30,1;0
05/05/2022 13:10:14;4,2;5;3,4;29,5;0
05/05/2022 13:25:09;4,2;5;3,4;30;0
05/05/2022 13:40:06;4,2;5,3;3,6;30,9;0
05/05/2022 13:55:34;4,2;5,3;3,6;31;0
05/05/2022 14:10:10;4;5,1;3,5;31,6;0
05/05/2022 14:25:21;4,2;5,4;3,7;31,9;0
05/05/2022 14:40:07;4;5,1;3,5;31,8;0
05/05/2022 14:56:04;4;5,1;3,5;32,1;0
05/05/2022 15:11:03;4,1;5,3;3,6;32,2;0
05/05/2022 15:26:04;4,1;5,4;3,7;32,6;0
05/05/2022 15:41:07;4,1;5,4;3,7;32,7;0
05/05/2022 15:56:09;4,1;5,4;3,7;32,4;0
05/05/2022 16:11:08;4,2;5,6;3,8;32,3;0
05/05/2022 16:26:12;4,2;5,6;3,8;32,5;0
05/05/2022 16:41:06;4,2;5,6;3,8;32,4;0
05/05/2022 16:56:02;4,2;5,4;3,7;32,2;0
05/05/2022 17:11:16;4,2;5,4;3,7;31,9;0
05/05/2022 17:26:04;4,4;5,6;3,8;31,6;0
05/05/2022 17:41:09;4,4;5,6;3,8;31,5;0
05/05/2022 17:56:07;4,4;5,6;3,8;31,1;0
05/05/2022 18:11:09;4,5;5,4;3,7;30,5;0
05/05/2022 18:26:02;4,5;5,4;3,7;30,4;0
05/05/2022 18:41:01;4,5;5,4;3,7;30,5;0
05/05/2022 18:56:04;4,5;5,6;3,8;30,6;0
05/05/2022 19:11:11;4,5;5,4;3,7;30,4;0
05/05/2022 19:26:05;4,5;5,4;3,7;30,2;0
05/05/2022 19:41:08;4,5;5,4;3,7;30,1;0
05/05/2022 19:56:07;4,7;5,6;3,8;30;0
05/05/2022 20:11:32;4,7;5,6;3,8;30;0
05/05/2022 20:26:31;4,7;5,6;3,8;29,8;0
05/05/2022 20:41:36;4,7;5,6;3,8;29,7;0
05/05/2022 20:56:27;4,7;5,6;3,8;29,5;0
05/05/2022 21:11:32;4,7;5,6;3,8;29,5;0
05/05/2022 21:26:29;4,7;5,4;3,7;29,4;0
05/05/2022 21:41:25;4,8;5,6;3,8;29,3;0
05/05/2022 21:56:28;4,7;5,4;3,7;29;0
05/05/2022 22:11:09;4,7;5,3;3,6;28,7;0
05/05/2022 22:26:01;4,7;5,3;3,6;28,6;0
05/05/2022 22:41:09;4,7;5,3;3,6;28,3;0
05/05/2022 22:56:23;4,8;5,4;3,7;28,3;0
05/05/2022 23:11:25;4,7;5,1;3,5;27,9;0
05/05/2022 23:26:20;4,8;5,3;3,6;27,7;0
05/05/2022 23:41:21;4,8;5,3;3,6;27,6;0
05/05/2022 23:56:21;4,8;5,1;3,5;27,1;0
06/05/2022 00:11:05;4,8;5,1;3,5;26,9;0
06/05/2022 00:26:07;4,8;5;3,4;26,5;0
06/05/2022 00:41:06;4,8;5;3,4;26,5;0
06/05/2022 00:56:06;4,8;5;3,4;26,1;0
06/05/2022 01:11:03;4,8;4,8;3,3;25,8;0
06/05/2022 01:26:03;5;5;3,4;25,6;0
06/05/2022 01:41:06;5;5;3,4;25,2;0
06/05/2022 01:56:06;5;4,8;3,3;24,7;0
06/05/2022 02:11:08;5;4,8;3,3;24,6;0
06/05/2022 02:26:06;5;4,8;3,3;24,6;0
06/05/2022 02:41:10;5;4,8;3,3;24,6;0
06/05/2022 02:56:14;4,8;4,5;3,1;24,3;0
06/05/2022 03:11:09;5;4,7;3,2;23,9;0
06/05/2022 03:26:10;5;4,7;3,2;23,8;0
06/05/2022 03:41:09;5;4,7;3,2;23,6;0
06/05/2022 03:56:11;5;4,5;3,1;23,3;0
06/05/2022 04:11:09;5;4,5;3,1;23,2;0
06/05/2022 04:26:02;5;4,5;3,1;23,2;0
06/05/2022 04:41:04;5;4,5;3,1;23;0
06/05/2022 04:56:06;5;4,5;3,1;23,1;0
06/05/2022 05:11:05;5;4,4;3;22,8;0
06/05/2022 05:26:09;5;4,4;3;22,7;0
06/05/2022 05:41:08;5;4,4;3;22,6;0
06/05/2022 05:56:04;5;4,4;3;22,4;-0,1
06/05/2022 06:11:07;5;4,4;3;22,4;-0,1
06/05/2022 06:26:06;5;4,4;3;22,7;-0,1
06/05/2022 06:41:13;4,8;4,2;2,9;22,6;-0,1
06/05/2022 06:56:06;4,8;4,2;2,9;22,6;-0,1
06/05/2022 07:11:14;5;4,2;2,9;21,8;-0,1
06/05/2022 07:26:14;4,8;4,2;2,9;22,6;-0,1
06/05/2022 07:41:17;4,8;4,2;2,9;22,2;-0,1
06/05/2022 07:56:14;5;4,4;3;22,4;0
06/05/2022 08:11:02;5;4,5;3,1;22,9;0
06/05/2022 08:26:00;4,8;4,4;3;23,3;0
06/05/2022 08:41:15;4,8;4,5;3,1;23,9;0
06/05/2022 08:56:05;4,6;4,2;2,9;24;0
06/05/2022 09:11:24;4,7;4,5;3,1;24,9;0
06/05/2022 09:26:14;4,5;4,4;3;24,9;0
06/05/2022 09:41:19;4,5;4,4;3;25,3;0
06/05/2022 09:56:00;4,5;4,5;3,1;25,9;0
06/05/2022 10:11:08;4,5;4,7;3,2;26,5;0
06/05/2022 10:26:02;4,3;4,5;3,1;27,2;0
06/05/2022 10:41:13;4,3;4,7;3,2;27,6;0
06/05/2022 10:56:18;4,4;4,8;3,3;28,2;0
06/05/2022 11:11:04;4,2;4,7;3,2;28,4;0
06/05/2022 11:26:07;4,2;4,8;3,3;29,3;0
06/05/2022 11:41:27;4;4,8;3,3;30,3;0
06/05/2022 11:56:20;4;5;3,4;31,3;0
06/05/2022 12:11:18;4;5,1;3,5;31,8;0
06/05/2022 12:26:21;4;5,1;3,5;31,6;0
06/05/2022 12:41:03;4;5,1;3,5;32;0
06/05/2022 12:56:22;4,1;5,4;3,7;32,8;0
06/05/2022 13:11:07;4,1;5,4;3,7;32,6;0
06/05/2022 13:26:02;4,1;5,6;3,8;33,3;0
06/05/2022 13:41:13;4,1;5,7;3,9;33,6;0
06/05/2022 13:56:12;3,9;5,4;3,7;33,7;0
06/05/2022 14:11:18;3,9;5,4;3,7;33,8;0
06/05/2022 14:26:12;3,9;5,6;3,8;34,3;0
06/05/2022 14:41:18;3,9;5,6;3,8;34,3;0
06/05/2022 14:56:05;3,9;5,7;3,9;34,9;0
06/05/2022 15:11:21;3,9;5,7;3,9;35,2;0
06/05/2022 15:26:19;3,9;5,9;4;35,6;0
06/05/2022 15:41:19;3,9;5,9;4;35,6;0
06/05/2022 15:56:17;4,1;6,1;4,2;35,8;0
06/05/2022 16:11:00;3,9;5,9;4;35,8;0
06/05/2022 16:25:59;4,1;6,1;4,2;35,9;0
06/05/2022 16:41:00;4,1;6,1;4,2;35,9;0
06/05/2022 16:56:23;4,1;6,1;4,2;35,7;0
06/05/2022 17:11:00;4,1;6,1;4,2;35,6;0
06/05/2022 17:26:23;4,1;6;4,1;35,3;0
06/05/2022 17:41:01;4,2;6,1;4,2;34,9;0
06/05/2022 17:55:59;4,2;6;4,1;34,5;0
06/05/2022 18:11:02;4,2;5,9;4;34,2;0
06/05/2022 18:26:00;4,4;6,1;4,2;33,7;0
06/05/2022 18:41:02;4,4;6,1;4,2;33,8;0
06/05/2022 18:56:28;4,4;6;4,1;33,5;0
06/05/2022 19:11:04;4,4;6;4,1;33,3;0
06/05/2022 19:26:00;4,4;6;4,1;33,3;0
06/05/2022 19:40:59;4,5;6,1;4,2;33,1;0
06/05/2022 19:56:00;4,5;6,1;4,2;33,1;0
06/05/2022 20:11:04;4,5;6;4,1;32,9;0
06/05/2022 20:26:23;4,5;6;4,1;32,8;0
06/05/2022 20:41:22;4,5;6;4,1;32,8;0
06/05/2022 20:56:21;4,7;6,1;4,2;32;0
06/05/2022 21:11:21;4,7;6;4,1;31,7;0
06/05/2022 21:26:21;4,7;5,9;4;31,3;0
06/05/2022 21:41:21;4,7;5,9;4;31;0
06/05/2022 21:56:22;4,7;5,9;4;30,9;0
06/05/2022 22:11:04;4,7;5,9;4;30,8;0
06/05/2022 22:26:09;4,7;5,7;3,9;30,4;0
06/05/2022 22:41:10;4,8;5,7;3,9;30,1;0
06/05/2022 22:56:02;4,8;5,7;3,9;29,8;0
06/05/2022 23:11:04;4,8;5,6;3,8;29,5;0
06/05/2022 23:26:04;4,8;5,6;3,8;29,5;0
06/05/2022 23:41:07;4,8;5,6;3,8;29,5;0
06/05/2022 23:56:05;4,8;5,6;3,8;29,2;0
07/05/2022 00:11:27;4,8;5,4;3,7;28,8;0
07/05/2022 00:26:07;4,8;5,4;3,7;28,6;0
07/05/2022 00:41:06;4,8;5,3;3,6;28;0
07/05/2022 00:56:04;4,8;5,3;3,6;27,9;0
07/05/2022 01:11:04;4,8;5,1;3,5;27,5;0
07/05/2022 01:26:26;4,8;5,1;3,5;27,3;0
07/05/2022 01:41:08;4,8;5,1;3,5;27;0
07/05/2022 01:56:09;4,8;5;3,4;26,8;0
07/05/2022 02:11:15;5;5,1;3,5;26,3;0
07/05/2022 02:26:18;5;5,3;3,6;26,5;0
07/05/2022 02:41:19;5;5,1;3,5;26,1;0
07/05/2022 02:56:20;5;5,1;3,5;26;0
07/05/2022 03:11:06;5;5;3,4;25,5;0
07/05/2022 03:26:04;5;4,8;3,3;24,8;0
07/05/2022 03:41:03;5;4,8;3,3;24,9;0
07/05/2022 03:56:02;5,1;4,8;3,3;24,3;0
07/05/2022 04:11:04;5;4,8;3,3;24,7;0
07/05/2022 04:26:16;5;4,8;3,3;24,4;0
07/05/2022 04:41:07;5,1;4,7;3,2;23,8;0
07/05/2022 04:56:00;5,1;4,7;3,2;23,8;0
07/05/2022 05:11:03;5;4,7;3,2;23,8;0
07/05/2022 05:26:10;5;4,7;3,2;23,8;0
07/05/2022 05:41:03;5;4,5;3,1;23,5;0
07/05/2022 05:56:05;5;4,7;3,2;23,7;0
07/05/2022 06:11:20;5;4,5;3,1;23,4;0
07/05/2022 06:26:10;5;4,5;3,1;23,3;0
07/05/2022 06:41:09;5;4,5;3,1;23,2;0
07/05/2022 06:56:19;5;4,5;3,1;23,3;0
07/05/2022 07:11:17;5;4,5;3,1;23,4;0
07/05/2022 07:26:19;5;4,5;3,1;23,4;0
07/05/2022 07:41:09;4,8;4,4;3;23,2;0
07/05/2022 07:56:06;4,8;4,4;3;23,7;0
07/05/2022 08:11:03;4,8;4,5;3,1;24;0
07/05/2022 08:26:20;4,8;4,5;3,1;24;0
07/05/2022 08:41:27;4,8;4,7;3,2;24,6;0
07/05/2022 08:56:19;4,8;4,7;3,2;25,1;0
07/05/2022 09:11:26;4,7;4,7;3,2;25,7;0
07/05/2022 09:26:22;4,5;4,5;3,1;25,9;0
07/05/2022 09:41:29;4,5;4,7;3,2;26,5;0
07/05/2022 09:56:19;4,5;4,8;3,3;27,2;0
07/05/2022 10:11:24;4,4;4,8;3,3;27,8;0
07/05/2022 10:26:22;4,4;5;3,4;28,7;0
07/05/2022 10:41:21;4,4;5;3,4;28,9;0
07/05/2022 10:56:21;4,4;5,1;3,5;29,4;0
07/05/2022 11:11:22;4,2;5;3,4;30;0
07/05/2022 11:26:22;4,2;5,1;3,5;30,8;0
07/05/2022 11:41:25;4;5;3,4;31,1;0
07/05/2022 11:56:23;4;5;3,4;31,4;0
07/05/2022 12:11:26;4;5,1;3,5;31,9;0
07/05/2022 12:26:24;4;5,1;3,5;32,1;0
07/05/2022 12:41:21;4,1;5,6;3,8;33,1;0
07/05/2022 12:56:23;4,1;5,4;3,7;32,7;0
07/05/2022 13:11:24;4,1;5,6;3,8;33,1;0
07/05/2022 13:26:22;4,1;5,6;3,8;33;0
07/05/2022 13:41:22;4,1;5,6;3,8;33,2;0
07/05/2022 13:56:21;4,1;5,6;3,8;33,4;0
07/05/2022 14:11:26;4,1;5,6;3,8;33,4;0
07/05/2022 14:26:26;4,1;5,6;3,8;33,4;0
07/05/2022 14:41:19;4,2;5,7;3,9;33,3;0
07/05/2022 14:56:21;4,1;5,6;3,8;33,4;0
07/05/2022 15:11:25;4,2;5,7;3,9;33,3;0
07/05/2022 15:26:19;4,2;5,7;3,9;33,3;0
07/05/2022 15:41:22;4,2;5,7;3,9;33,3;0
07/05/2022 15:56:21;4,2;5,7;3,9;33,6;0
07/05/2022 16:11:22;4,2;5,9;4;33,7;0
07/05/2022 16:26:24;4,2;5,9;4;33,8;0
07/05/2022 16:41:21;4,2;5,9;4;33,8;0
07/05/2022 16:56:25;4,2;5,9;4;33,8;0
07/05/2022 17:11:21;4,2;5,9;4;33,7;0
07/05/2022 17:26:23;4,2;5,7;3,9;33,1;0
07/05/2022 17:41:24;4,2;5,7;3,9;33,1;0
07/05/2022 17:56:21;4,4;5,9;4;32,7;0
07/05/2022 18:11:23;4,4;5,9;4;32,7;0
07/05/2022 18:26:21;4,4;5,7;3,9;32,4;0
07/05/2022 18:41:24;4,4;5,9;4;32,5;0
07/05/2022 18:56:25;4,4;5,9;4;32,7;0
07/05/2022 19:11:29;4,4;5,9;4;32,5;0
07/05/2022 19:26:23;4,5;5,9;4;32,4;0
07/05/2022 19:41:23;4,5;5,9;4;32;0
07/05/2022 19:56:30;4,5;5,7;3,9;31,7;0
07/05/2022 20:11:02;4,5;5,7;3,9;31,7;0
07/05/2022 20:26:29;4,5;5,7;3,9;31,8;0
07/05/2022 20:41:28;4,5;5,7;3,9;31,7;0
07/05/2022 20:56:27;4,5;5,7;3,9;31,6;0
07/05/2022 21:11:30;4,5;5,7;3,9;31,2;0
07/05/2022 21:26:27;4,5;5,7;3,9;31,2;0
07/05/2022 21:41:30;4,7;5,9;4;31,1;0
07/05/2022 21:56:27;4,7;5,9;4;31,1;0
07/05/2022 22:11:05;4,7;5,7;3,9;30,6;0
07/05/2022 22:26:19;4,7;5,7;3,9;30,3;0
07/05/2022 22:41:14;4,7;5,7;3,9;30,4;0
07/05/2022 22:56:06;4,7;5,6;3,8;30;0
07/05/2022 23:11:04;4,7;5,6;3,8;29,6;0
07/05/2022 23:26:07;4,7;5,6;3,8;29,9;0
07/05/2022 23:41:05;4,7;5,6;3,8;29,6;0
07/05/2022 23:56:04;4,7;5,6;3,8;29,6;0
08/05/2022 00:11:30;4,7;5,4;3,7;29,4;0
08/05/2022 00:26:25;4,7;5,4;3,7;29,4;0
08/05/2022 00:41:25;4,8;5,4;3,7;28,4;0
08/05/2022 00:56:25;4,7;5,3;3,6;28,4;0
08/05/2022 01:11:25;4,8;5,4;3,7;28,2;0
08/05/2022 01:26:22;4,8;5,3;3,6;28;0
08/05/2022 01:41:21;4,7;5,1;3,5;28;0
08/05/2022 01:56:24;4,7;5,1;3,5;27,8;0
08/05/2022 02:11:24;4,8;5,3;3,6;27,6;0
08/05/2022 02:26:23;4,8;5,1;3,5;27,3;0
08/05/2022 02:41:26;4,8;5,1;3,5;27,3;0
08/05/2022 02:56:06;4,8;5,1;3,5;26,9;0
08/05/2022 03:11:00;4,8;5,1;3,5;27,1;0
08/05/2022 03:26:30;4,8;5,1;3,5;26,9;0
08/05/2022 03:41:24;4,8;5;3,4;26,6;0
08/05/2022 03:56:29;4,8;5;3,4;26,6;0
08/05/2022 04:11:24;4,8;5;3,4;26,3;0
08/05/2022 04:26:00;4,8;5;3,4;26,3;0
08/05/2022 04:41:28;4,8;5;3,4;26,1;0
08/05/2022 04:56:26;4,8;5;3,4;26,1;0
08/05/2022 05:11:29;4,8;5;3,4;26,1;0
08/05/2022 05:26:26;4,8;5;3,4;26,1;0
08/05/2022 05:41:00;4,8;5;3,4;26,1;0
08/05/2022 05:56:27;4,8;5;3,4;26,1;0
08/05/2022 06:11:27;4,8;5;3,4;26,1;0
08/05/2022 06:26:28;4,8;5;3,4;26,1;0
08/05/2022 06:41:01;4,8;5;3,4;26,1;0
08/05/2022 06:56:22;4,8;5;3,4;26,1;0
08/05/2022 07:10:59;4,8;5;3,4;26,1;0
08/05/2022 07:26:00;4,8;5;3,4;26,1;0
08/05/2022 07:41:28;4,8;5;3,4;26,1;0
08/05/2022 07:56:25;4,8;5;3,4;26,1;0
08/05/2022 08:11:04;4,8;5;3,4;26,1;0
08/05/2022 08:26:26;4,8;5;3,4;26,1;0
08/05/2022 08:41:00;4,8;5;3,4;26,1;0
08/05/2022 08:56:28;4,8;5;3,4;26,1;0
08/05/2022 09:11:04;4,8;5;3,4;26,1;0
08/05/2022 09:26:03;4,8;5;3,4;26,1;0
08/05/2022 09:41:01;4,8;5;3,4;26,1;0
08/05/2022 09:56:01;4,8;5;3,4;26,1;0
08/05/2022 10:11:01;4,8;5;3,4;26,1;0
08/05/2022 10:25:59;4,8;5;3,4;26,1;0
08/05/2022 10:41:02;4,8;5;3,4;26,1;0
08/05/2022 10:56:25;4,8;5;3,4;26,1;0
08/05/2022 11:11:00;4,8;5;3,4;26,1;0
08/05/2022 11:26:27;4,8;5;3,4;26,1;0
08/05/2022 11:41:32;4,8;5;3,4;26,1;0
08/05/2022 11:55:59;4,8;5;3,4;26,1;0
08/05/2022 12:11:03;4,8;5;3,4;26,1;0
08/05/2022 12:26:01;4,8;5;3,4;26,1;0
08/05/2022 12:41:03;4,8;5;3,4;26,1;0
08/05/2022 12:56:29;4,8;5;3,4;26,1;0
08/05/2022 13:11:31;4,8;5;3,4;26,1;0
08/05/2022 13:26:28;4,8;5;3,4;26,1;0
08/05/2022 13:41:04;4,8;5;3,4;26,1;0
08/05/2022 13:56:05;4,8;5;3,4;26,1;0
08/05/2022 14:11:04;4,8;5;3,4;26,1;0
08/05/2022 14:26:00;4,8;5;3,4;26,1;0
08/05/2022 14:41:00;4,8;5;3,4;26,1;0
08/05/2022 14:56:30;4,8;5;3,4;26,1;0
08/05/2022 15:11:02;4,8;5;3,4;26,1;0
08/05/2022 15:26:00;4,8;5;3,4;26,1;0
08/05/2022 15:41:04;4,8;5;3,4;26,1;0
08/05/2022 15:56:01;4,8;5;3,4;26,1;0
08/05/2022 16:11:03;4,8;5;3,4;26,1;0
08/05/2022 16:26:01;4,8;5;3,4;26,1;0
08/05/2022 16:41:05;4,8;5;3,4;26,1;0
08/05/2022 16:56:00;4,8;5;3,4;26,1;0
08/05/2022 17:11:07;4,2;5,6;3,8;32,9;0
08/05/2022 17:26:01;4,2;5,6;3,8;32,8;0
08/05/2022 17:41:03;4,2;5,6;3,8;32,9;0
08/05/2022 17:56:02;4,2;5,7;3,9;33;0
08/05/2022 18:11:05;4,2;5,7;3,9;33,1;0
08/05/2022 18:26:02;4,2;5,7;3,9;33,3;0
08/05/2022 18:41:05;4,2;5,7;3,9;33,3;0
08/05/2022 18:56:01;4,2;5,7;3,9;33,5;0
08/05/2022 19:11:17;4,2;5,7;3,9;33,6;0
08/05/2022 19:26:03;4,2;5,7;3,9;33,3;0
08/05/2022 19:41:07;4,4;6;4,1;33,2;0
08/05/2022 19:56:06;4,4;5,9;4;32,8;0
08/05/2022 20:11:13;4,4;5,9;4;32,8;0
08/05/2022 20:26:06;4,5;6;4,1;32,8;0
08/05/2022 20:41:04;4,4;5,9;4;32,6;0
08/05/2022 20:56:03;4,5;6;4,1;32,5;0
08/05/2022 21:11:06;4,5;5,9;4;32,3;0
08/05/2022 21:26:04;4,5;5,9;4;32,1;0
08/05/2022 21:41:06;4,5;5,7;3,9;31,7;0
08/05/2022 21:56:03;4,5;5,7;3,9;31,5;0
08/05/2022 22:11:12;4,5;5,7;3,9;31,3;0
08/05/2022 22:26:08;4,7;5,9;4;31,1;0
08/05/2022 22:41:12;4,7;5,9;4;30,8;0
08/05/2022 22:56:11;4,7;5,7;3,9;30,6;0
08/05/2022 23:11:12;4,7;5,7;3,9;30,2;0
08/05/2022 23:26:10;4,7;5,4;3,7;29,3;0
08/05/2022 23:41:28;4,8;5,6;3,8;28,9;0
08/05/2022 23:56:20;4,8;5,4;3,7;28,7;0
09/05/2022 00:11:08;4,8;5,4;3,7;28,6;0
09/05/2022 00:26:07;4,8;5,4;3,7;28,4;0
09/05/2022 00:41:05;4,8;5,3;3,6;27,9;0
09/05/2022 00:56:04;4,8;5,1;3,5;27,5;0
09/05/2022 01:11:03;4,8;5;3,4;26,8;0
09/05/2022 01:26:04;4,8;5;3,4;26,8;0
09/05/2022 01:41:03;5;5,3;3,6;26,7;0
09/05/2022 01:56:02;4,8;5;3,4;26,5;0
09/05/2022 02:11:03;5;5,1;3,5;26,1;0
09/05/2022 02:26:02;5;5;3,4;25,7;0
09/05/2022 02:41:08;5;5;3,4;25,5;0
09/05/2022 02:56:13;5;5;3,4;25,4;0
09/05/2022 03:11:24;5;5;3,4;25,3;0
09/05/2022 03:26:26;5;4,8;3,3;24,9;0
09/05/2022 03:41:29;5;4,8;3,3;24,8;0
09/05/2022 03:56:23;5;4,8;3,3;24,7;0
09/05/2022 04:11:24;5;4,8;3,3;24,6;0
09/05/2022 04:26:24;5;4,8;3,3;24,5;0
09/05/2022 04:41:14;5;4,7;3,2;24,3;0
09/05/2022 04:56:12;5;4,7;3,2;24,2;0
09/05/2022 05:11:18;5;4,8;3,3;24,7;0
09/05/2022 05:26:17;4,8;4,5;3,1;24,4;0
09/05/2022 05:41:12;4,8;4,7;3,2;24,9;0
09/05/2022 05:56:03;4,8;4,7;3,2;24,7;0
09/05/2022 06:11:09;4,8;4,7;3,2;24,7;0
09/05/2022 06:26:03;4,8;4,7;3,2;24,6;0
09/05/2022 06:41:13;4,8;4,5;3,1;24,4;0
09/05/2022 06:56:01;4,8;4,5;3,1;24,4;0
09/05/2022 07:11:20;5;4,8;3,3;24,5;0
09/05/2022 07:26:03;5;4,8;3,3;24,9;0
09/05/2022 07:41:09;4,8;4,7;3,2;25,1;0
09/05/2022 07:56:06;4,8;4,8;3,3;25,6;0
09/05/2022 08:11:13;4,7;4,7;3,2;25,7;0
09/05/2022 08:26:11;4,7;4,7;3,2;25,7;0
09/05/2022 08:41:07;4,7;4,7;3,2;25,7;0
09/05/2022 08:56:07;4,7;4,7;3,2;25,7;0
09/05/2022 09:11:04;4,7;4,7;3,2;25,7;0
09/05/2022 09:26:11;4,7;4,7;3,2;25,7;0
09/05/2022 09:41:20;4,7;4,7;3,2;25,7;0
09/05/2022 09:56:07;4,4;5,1;3,5;29,1;0
09/05/2022 10:11:10;4,2;4,8;3,3;29,4;0
09/05/2022 10:26:24;4,4;5,3;3,6;29,8;0
09/05/2022 10:41:22;4,2;5,1;3,5;30,2;0
09/05/2022 10:56:30;4,2;5,1;3,5;30,6;0
09/05/2022 11:11:16;4,2;5,3;3,6;31,3;0
09/05/2022 11:26:17;4,2;5,4;3,7;31,6;0
09/05/2022 11:41:20;4,2;5,4;3,7;31,7;0
09/05/2022 11:56:19;4,2;5,4;3,7;32,2;0
09/05/2022 12:11:00;4,1;5,6;3,8;33;0
09/05/2022 12:26:06;4,1;5,6;3,8;33,1;0
09/05/2022 12:41:07;4,1;5,4;3,7;32,9;0
09/05/2022 12:56:10;4,1;5,4;3,7;32,7;0
09/05/2022 13:11:11;4,1;5,6;3,8;33,3;0
09/05/2022 13:26:35;4,1;5,6;3,8;33,4;0
09/05/2022 13:41:07;4,1;5,7;3,9;33,9;0
09/05/2022 13:56:04;4,1;5,9;4;34,6;0
09/05/2022 14:11:05;4,1;5,9;4;34,5;0
09/05/2022 14:26:03;3,9;5,7;3,9;35,1;0
09/05/2022 14:41:13;4,1;6;4,1;34,9;0
09/05/2022 14:56:07;4,1;6;4,1;35;0
09/05/2022 15:11:09;4,1;6;4,1;35,4;0
09/05/2022 15:26:10;4,1;6;4,1;35,4;0
09/05/2022 15:41:07;4,1;6;4,1;35,4;0
09/05/2022 15:56:03;4,1;6;4,1;35,1;0
09/05/2022 16:11:07;4,1;6;4,1;35,5;0
09/05/2022 16:26:16;4,1;6,1;4,2;35,6;0
09/05/2022 16:41:07;4,1;6;4,1;35,4;0
09/05/2022 16:56:07;4,1;6;4,1;35,4;0
09/05/2022 17:11:14;4,2;6,1;4,2;35,1;0
09/05/2022 17:26:07;4,2;6,1;4,2;35;0
09/05/2022 17:41:05;4,2;6;4,1;34,7;0
09/05/2022 17:56:04;4,2;6;4,1;34,7;0
09/05/2022 18:11:06;4,4;6,3;4,3;34,4;0
09/05/2022 18:26:03;4,4;6,1;4,2;34,1;0
09/05/2022 18:41:29;4,4;6,1;4,2;33,7;0
09/05/2022 18:56:02;4,4;6;4,1;33,5;0
09/05/2022 19:11:16;4,4;6;4,1;33,3;0
09/05/2022 19:26:00;4,4;6;4,1;33,6;0
09/05/2022 19:41:01;4,4;6;4,1;33,2;0
09/05/2022 19:56:31;4,5;6;4,1;32,6;0
09/05/2022 20:11:11;4,7;6,1;4,2;32,3;0
09/05/2022 20:26:11;4,7;6;4,1;31,8;0
09/05/2022 20:41:22;4,7;6;4,1;31,5;0
09/05/2022 20:56:08;4,7;5,9;4;31;0
09/05/2022 21:11:16;4,7;5,9;4;31,3;0
09/05/2022 21:26:08;4,7;6;4,1;31,5;0
09/05/2022 21:41:08;4,7;6;4,1;31,6;0
09/05/2022 21:56:08;4,7;6;4,1;31,4;0
09/05/2022 22:11:18;4,7;6;4,1;31,4;0
09/05/2022 22:26:01;4,7;5,9;4;31;0
09/05/2022 22:41:07;4,7;5,9;4;30,8;0
09/05/2022 22:56:21;4,7;5,7;3,9;30,6;0
09/05/2022 23:11:17;4,7;5,7;3,9;30,1;0
09/05/2022 23:26:18;4,8;5,7;3,9;29,8;0
09/05/2022 23:41:22;4,8;5,6;3,8;29,3;0
09/05/2022 23:56:19;4,8;5,4;3,7;28,7;0
10/05/2022 00:11:12;5;5,6;3,8;28,1;0
10/05/2022 00:26:15;5;5,4;3,7;27,6;0
10/05/2022 00:41:19;5;5,4;3,7;27,2;0
10/05/2022 00:56:18;5;5,3;3,6;27,1;0
10/05/2022 01:11:20;5;5,3;3,6;26,5;0
10/05/2022 01:26:17;5,1;5,3;3,6;26,1;0
10/05/2022 01:41:25;5,1;5,1;3,5;25,7;0
10/05/2022 01:56:25;5,1;5;3,4;25,1;0
10/05/2022 02:11:29;5,1;5;3,4;24,7;0
10/05/2022 02:26:02;5,1;5;3,4;24,9;0
10/05/2022 02:41:01;5,1;5;3,4;24,6;0
10/05/2022 02:56:35;5,1;5;3,4;24,6;0
10/05/2022 03:11:05;5,1;4,8;3,3;24,3;0
10/05/2022 03:26:05;5,1;4,8;3,3;23,9;0
10/05/2022 03:41:00;5,1;4,8;3,3;24;0
10/05/2022 03:55:59;5,1;4,7;3,2;23,7;0
10/05/2022 04:11:00;5,1;4,7;3,2;23,7;0
10/05/2022 04:26:02;5;4,7;3,2;23,6;0
10/05/2022 04:41:06;5,1;4,7;3,2;23,4;0
10/05/2022 04:56:04;5,1;4,7;3,2;23,3;0
10/05/2022 05:11:05;5;4,5;3,1;23,3;0
10/05/2022 05:26:00;5;4,5;3,1;23,2;0
10/05/2022 05:41:04;5;4,5;3,1;23,3;0
10/05/2022 05:56:04;5;4,5;3,1;23,2;0
10/05/2022 06:11:07;5;4,5;3,1;23,2;0
10/05/2022 06:26:06;5;4,5;3,1;23,2;0
10/05/2022 06:41:06;4,8;4,4;3;23,7;0
10/05/2022 06:56:03;4,8;4,4;3;23,7;0
10/05/2022 07:11:14;5;4,7;3,2;23,9;0
10/05/2022 07:26:07;4,8;4,5;3,1;24,5;0
10/05/2022 07:41:07;5;4,8;3,3;24,5;0
10/05/2022 07:56:05;4,8;4,7;3,2;24,7;0
10/05/2022 08:11:29;4,8;4,8;3,3;25,4;0
10/05/2022 08:26:28;4,7;4,7;3,2;25,7;0
10/05/2022 08:41:10;4,7;4,8;3,3;26,2;0
10/05/2022 08:55:59;4,5;4,7;3,2;26,5;0
10/05/2022 09:11:25;4,5;4,7;3,2;26,7;0
10/05/2022 09:26:37;4,5;4,8;3,3;27;0
10/05/2022 09:41:02;4,5;4,8;3,3;27,5;0
10/05/2022 09:56:30;4,5;4,8;3,3;27,6;0
10/05/2022 10:11:02;4,5;4,8;3,3;27,6;0
10/05/2022 10:26:39;4,5;5;3,4;27,8;0
10/05/2022 10:40:59;4,4;5;3,4;28,5;0
10/05/2022 10:56:05;4,4;5,1;3,5;29,2;0
10/05/2022 11:11:06;4,4;5,1;3,5;29,6;0
10/05/2022 11:26:08;4,2;5;3,4;29,8;0
10/05/2022 11:41:04;4,2;5,1;3,5;30,5;0
10/05/2022 11:56:11;4,2;5,3;3,6;31,4;0
10/05/2022 12:11:02;4,2;5,4;3,7;31,8;0
10/05/2022 12:26:14;4,2;5,4;3,7;31,6;0
10/05/2022 12:41:02;4,2;5,3;3,6;31,3;0
10/05/2022 12:56:35;4,2;5,4;3,7;31,9;0
10/05/2022 13:11:02;4,2;5,6;3,8;32,5;0
10/05/2022 13:25:59;4,1;5,4;3,7;32,5;0
10/05/2022 13:41:06;4,1;5,4;3,7;32,4;0
10/05/2022 13:56:40;4,1;5,3;3,6;32,2;0
10/05/2022 14:11:11;4,2;5,6;3,8;32,5;0
10/05/2022 14:26:00;4,1;5,4;3,7;32,9;0
10/05/2022 14:41:12;4,2;5,7;3,9;33,5;0
10/05/2022 14:56:03;4,1;5,6;3,8;33,5;0
10/05/2022 15:11:01;4,1;5,6;3,8;33,5;0
10/05/2022 15:26:00;4,1;5,6;3,8;33,3;0
10/05/2022 15:41:02;4,1;5,6;3,8;33,5;0
10/05/2022 15:56:08;4,2;5,7;3,9;33,5;0
10/05/2022 16:11:07;4,2;5,9;4;33,7;0
10/05/2022 16:26:09;4,2;5,7;3,9;33,6;0
10/05/2022 16:41:10;4,2;5,9;4;33,9;0
10/05/2022 16:56:08;4,2;5,9;4;33,7;0
10/05/2022 17:11:13;4,2;5,9;4;33,9;0
10/05/2022 17:26:06;4,2;5,9;4;34,1;0
10/05/2022 17:41:11;4,2;5,9;4;33,8;0
10/05/2022 17:56:08;4,2;5,9;4;33,7;0
10/05/2022 18:11:09;4,2;5,7;3,9;33,5;0
10/05/2022 18:26:06;4,4;6;4,1;33,1;0
10/05/2022 18:41:13;4,4;6;4,1;33,1;0
10/05/2022 18:56:10;4,4;5,9;4;33;0
10/05/2022 19:11:08;4,4;5,9;4;33;0
10/05/2022 19:26:08;4,4;5,9;4;33;0
10/05/2022 19:41:13;4,5;6;4,1;32,5;0
10/05/2022 19:56:11;4,5;5,9;4;32,3;0
10/05/2022 20:11:19;4,5;5,9;4;32;0
10/05/2022 20:26:11;4,5;5,7;3,9;31,7;0
10/05/2022 20:41:15;4,5;5,7;3,9;31,5;0
10/05/2022 20:56:10;4,7;5,9;4;31,3;0
10/05/2022 21:11:10;4,7;5,9;4;31,1;0
10/05/2022 21:26:11;4,7;5,7;3,9;30,4;0
10/05/2022 21:41:18;4,7;5,7;3,9;30,5;0
10/05/2022 21:56:12;4,7;5,7;3,9;30,1;0
10/05/2022 22:11:18;4,7;5,6;3,8;29,9;0
10/05/2022 22:26:13;4,8;5,7;3,9;29,8;0
10/05/2022 22:41:13;4,8;5,6;3,8;29,3;0
10/05/2022 22:56:18;4,8;5,6;3,8;29,3;0
10/05/2022 23:11:18;4,8;5,4;3,7;28,7;0
10/05/2022 23:26:08;4,8;5,4;3,7;28,7;0
10/05/2022 23:41:09;4,8;5,4;3,7;28,4;0
10/05/2022 23:56:10;4,8;5,4;3,7;28,4;0
11/05/2022 00:11:02;4,8;5,4;3,7;28,4;0
11/05/2022 00:26:10;4,8;5,4;3,7;28,4;0
11/05/2022 00:41:01;4,8;5,4;3,7;28,4;0
11/05/2022 00:56:07;4,8;5,4;3,7;28,4;0
11/05/2022 01:11:03;4,8;5,4;3,7;28,4;0
11/05/2022 01:26:05;4,8;5,4;3,7;28,4;0
11/05/2022 01:41:00;4,8;5,4;3,7;28,4;0
11/05/2022 01:56:01;4,8;5,4;3,7;28,4;0
11/05/2022 02:11:01;4,8;5,4;3,7;28,4;0
11/05/2022 02:26:10;4,8;5,4;3,7;28,4;0
11/05/2022 02:41:04;4,8;5,4;3,7;28,4;0
11/05/2022 02:56:03;4,8;5,4;3,7;28,4;0
11/05/2022 03:11:21;4,8;5,4;3,7;28,4;0
11/05/2022 03:26:19;4,8;5,4;3,7;28,4;0
11/05/2022 03:41:22;5;4,8;3,3;24,8;0
11/05/2022 03:56:18;5;4,8;3,3;24,9;0
11/05/2022 04:11:23;5;4,8;3,3;24,9;0
11/05/2022 04:26:28;5;4,8;3,3;24,6;0
11/05/2022 04:41:34;4,8;4,7;3,2;24,9;0
11/05/2022 04:56:26;5;4,7;3,2;23,9;0
11/05/2022 05:11:33;5;4,7;3,2;23,6;0
11/05/2022 05:26:29;5;4,5;3,1;23,4;0
11/05/2022 05:41:32;5;4,7;3,2;24;0
11/05/2022 05:56:32;5;4,7;3,2;23,6;0
11/05/2022 06:11:04;5;4,5;3,1;23,4;0
11/05/2022 06:26:36;5;4,5;3,1;23,2;0
11/05/2022 06:41:28;5;4,5;3,1;23,1;0
11/05/2022 06:56:28;5;4,5;3,1;22,9;0
11/05/2022 07:11:31;5;4,5;3,1;23;0
11/05/2022 07:26:30;5;4,5;3,1;23,2;0
11/05/2022 07:41:27;5;4,5;3,1;23,5;0
11/05/2022 07:56:18;5;4,7;3,2;24;0
11/05/2022 08:12:21;4,8;4,7;3,2;24,7;0
11/05/2022 08:27:04;4,8;4,7;3,2;24,9;0
11/05/2022 08:42:06;4,7;4,7;3,2;25,5;0
11/05/2022 08:57:16;4,7;4,8;3,3;26;0
11/05/2022 09:12:03;4,5;4,7;3,2;26,3;0
11/05/2022 09:27:18;4,5;4,7;3,2;26,7;0
11/05/2022 09:42:18;4,5;4,8;3,3;27,2;0
11/05/2022 09:57:23;4,4;4,8;3,3;27,8;0
11/05/2022 10:12:30;4,4;5;3,4;28,4;0
11/05/2022 10:26:59;4,4;5;3,4;28,9;0
11/05/2022 10:42:00;4,4;5,1;3,5;29,7;0
11/05/2022 10:57:29;4,2;5,1;3,5;30,2;0
11/05/2022 11:12:22;4,2;5,1;3,5;30,5;0
11/05/2022 11:27:35;4,2;5,3;3,6;31,1;0
11/05/2022 11:42:30;4;5,1;3,5;31,5;0
11/05/2022 11:57:21;4,1;5,4;3,7;32,3;0
11/05/2022 12:12:12;4,1;5,4;3,7;32,5;0
11/05/2022 12:27:11;4,1;5,4;3,7;32,5;0
11/05/2022 12:42:15;4,1;5,4;3,7;32,7;0
11/05/2022 12:57:13;4,1;5,6;3,8;33;0
11/05/2022 13:12:24;4,1;5,4;3,7;32,4;0
11/05/2022 13:27:22;4,1;5,4;3,7;32,7;0
11/05/2022 13:42:13;4,1;5,6;3,8;33,2;0
11/05/2022 13:57:10;4,1;5,6;3,8;33,3;0
11/05/2022 14:12:16;4,1;5,7;3,9;33,6;0
11/05/2022 14:27:26;4,1;5,7;3,9;33,7;0
11/05/2022 14:42:08;4,1;5,7;3,9;33,8;0
11/05/2022 14:57:08;4,1;5,9;4;34,3;0
11/05/2022 15:12:04;4,1;5,9;4;34,3;0
11/05/2022 15:27:07;4,1;5,9;4;34,5;0
11/05/2022 15:42:06;4,1;5,9;4;34,7;0
11/05/2022 15:57:26;4,1;5,9;4;34,7;0
11/05/2022 16:12:30;4,1;5,9;4;34,6;0
11/05/2022 16:27:12;4,1;5,9;4;34,3;0
11/05/2022 16:42:21;4,2;5,6;3,8;32,9;0
11/05/2022 16:57:09;4,4;5,7;3,9;32,4;0
11/05/2022 17:12:26;4,4;5,7;3,9;31,9;0
11/05/2022 17:27:25;4,4;5,7;3,9;31,8;0
11/05/2022 17:42:03;4,4;5,7;3,9;31,9;0
11/05/2022 17:57:06;4,4;5,7;3,9;31,8;0
11/05/2022 18:12:18;4,4;5,7;3,9;31,9;0
11/05/2022 18:27:11;4,5;5,7;3,9;31,5;0
11/05/2022 18:42:15;4,5;5,7;3,9;31,6;0
11/05/2022 18:57:13;4,5;5,7;3,9;31,6;0
11/05/2022 19:12:12;4,5;5,7;3,9;31,4;0
11/05/2022 19:27:15;4,5;5,7;3,9;31,4;0
11/05/2022 19:42:08;4,5;5,7;3,9;31,5;0
11/05/2022 19:57:09;4,5;5,7;3,9;31,3;0
11/05/2022 20:12:05;4,5;5,7;3,9;31,2;0
11/05/2022 20:27:00;4,5;5,6;3,8;30,9;0
11/05/2022 20:42:25;4,7;5,7;3,9;30,3;0
11/05/2022 20:57:27;4,7;5,7;3,9;30,5;0
11/05/2022 21:12:24;4,7;5,7;3,9;30,2;0
11/05/2022 21:27:26;4,7;5,6;3,8;29,9;0
11/05/2022 21:42:23;4,8;5,6;3,8;29,4;0
11/05/2022 21:57:25;4,8;5,6;3,8;29;0
11/05/2022 22:12:04;4,8;5,4;3,7;28,8;0
11/05/2022 22:27:31;4,8;5,4;3,7;28,4;0
11/05/2022 22:42:27;4,8;5,4;3,7;28,3;0
11/05/2022 22:57:07;4,8;5,3;3,6;27,9;0
11/05/2022 23:12:03;4,8;5,3;3,6;27,9;0
11/05/2022 23:27:05;4,8;5,1;3,5;27,2;0
11/05/2022 23:42:01;5;5,3;3,6;26,8;0
11/05/2022 23:57:03;5;5,1;3,5;25,9;0
12/05/2022 00:12:22;5;5,1;3,5;25,9;0
12/05/2022 00:27:18;5;5,1;3,5;25,8;0
12/05/2022 00:42:23;5;5;3,4;25,3;0
12/05/2022 00:57:22;5;5;3,4;25,1;0
12/05/2022 01:12:25;5;4,8;3,3;24,9;0
12/05/2022 01:27:22;5;5;3,4;25,1;0
12/05/2022 01:42:21;5;5;3,4;25,2;0
12/05/2022 01:57:17;5;4,7;3,2;24,2;0
12/05/2022 02:12:19;5;4,8;3,3;24,6;0
12/05/2022 02:27:17;5;4,8;3,3;24,4;0
12/05/2022 02:42:16;5;4,7;3,2;24,3;0
12/05/2022 02:57:18;5;4,8;3,3;24,5;0
12/05/2022 03:12:23;5;4,7;3,2;24,3;0
12/05/2022 03:27:14;4,8;4,7;3,2;24,6;0
12/05/2022 03:42:22;4,8;4,5;3,1;24,4;0
12/05/2022 03:57:17;4,8;4,5;3,1;24,3;0
12/05/2022 04:12:21;4,8;4,5;3,1;24,3;0
12/05/2022 04:27:21;4,8;4,5;3,1;24,3;0
12/05/2022 04:42:17;4,8;4,5;3,1;24,4;0
12/05/2022 04:57:20;4,8;4,5;3,1;24,2;0
12/05/2022 05:12:16;4,8;4,5;3,1;24,2;0
12/05/2022 05:27:19;4,8;4,5;3,1;24,2;0
12/05/2022 05:42:19;4,8;4,5;3,1;24,2;0
12/05/2022 05:57:18;4,8;4,5;3,1;24,2;0
12/05/2022 06:12:18;4,8;4,4;3;23,8;0
12/05/2022 06:27:24;4,8;4,4;3;23,8;0
12/05/2022 06:42:19;4,8;4,4;3;23,8;0
12/05/2022 06:57:18;4,8;4,5;3,1;24;0
12/05/2022 07:12:23;4,8;4,4;3;23,8;0
12/05/2022 07:27:01;4,8;4,5;3,1;24;0
12/05/2022 07:42:13;4,7;4,4;3;24,3;0
12/05/2022 07:57:23;4,6;4,2;2,9;24;-0,1
12/05/2022 08:12:36;4,7;4,5;3,1;24,6;-0,1
12/05/2022 08:27:28;4,7;4,5;3,1;24,8;-0,1
12/05/2022 08:42:28;4,7;4,7;3,2;25,3;-0,1
12/05/2022 08:57:02;4,7;4,7;3,2;25,6;-0,1
12/05/2022 09:12:01;4,5;4,7;3,2;26,3;0
12/05/2022 09:27:09;4,5;4,7;3,2;26,8;0
12/05/2022 09:42:17;4,3;4,5;3,1;27,2;0
12/05/2022 09:57:09;4,3;4,7;3,2;27,6;0
12/05/2022 10:12:14;4,4;5;3,4;28,3;0
12/05/2022 10:27:20;4,4;5;3,4;28,9;0
12/05/2022 10:42:27;4,2;4,8;3,3;28,9;0
12/05/2022 10:57:28;4,2;4,8;3,3;29,4;0
12/05/2022 11:12:11;4,2;5;3,4;30,1;0
12/05/2022 11:27:04;4,2;5,1;3,5;30,4;0
12/05/2022 11:42:02;4,2;5,1;3,5;30,8;0
12/05/2022 11:57:05;4,2;5,1;3,5;30,8;0
12/05/2022 12:12:05;4,2;5,3;3,6;31;0
12/05/2022 12:27:07;4,2;5,4;3,7;31,7;0
12/05/2022 12:42:18;4,1;5,3;3,6;32,2;0
12/05/2022 12:57:06;4;5,1;3,5;32,1;0
12/05/2022 13:12:43;4;5,1;3,5;32;0
12/05/2022 13:28:59;4,2;5,4;3,7;32,2;0
12/05/2022 13:43:17;4;5,1;3,5;32,1;0
12/05/2022 13:58:40;4,2;5,4;3,7;32,2;0
12/05/2022 14:13:14;4,1;5,4;3,7;32,9;0
12/05/2022 14:28:33;4,1;5,6;3,8;33,1;0
12/05/2022 14:43:08;4,1;5,6;3,8;33,1;0
12/05/2022 14:58:52;4,1;5,6;3,8;33,1;0
12/05/2022 15:13:02;4,1;5,6;3,8;33,3;0
12/05/2022 15:28:24;4,1;5,6;3,8;33,5;0
12/05/2022 15:43:16;4,2;5,7;3,9;33,6;0
12/05/2022 15:58:28;4,1;5,7;3,9;33,8;0
12/05/2022 16:13:01;4,1;5,7;3,9;33,8;0
12/05/2022 16:28:17;4,1;5,7;3,9;34;0
12/05/2022 16:43:11;4,2;5,9;4;33,8;0
12/05/2022 16:58:16;4,2;5,9;4;33,8;0
12/05/2022 17:13:23;4,2;5,9;4;33,7;0
12/05/2022 17:28:16;4,2;5,7;3,9;33,5;0
12/05/2022 17:43:21;4,2;5,7;3,9;33,3;0
12/05/2022 17:58:15;4,2;5,7;3,9;33,3;0
12/05/2022 18:13:22;4,4;5,9;4;32,7;0
12/05/2022 18:28:17;4,4;5,9;4;32,5;0
12/05/2022 18:43:19;4,4;5,7;3,9;32,4;0
12/05/2022 18:58:15;4,4;5,7;3,9;32,3;0
12/05/2022 19:13:12;4,5;5,9;4;32,2;0
12/05/2022 19:28:21;4,5;5,9;4;32,1;0
12/05/2022 19:43:21;4,5;5,9;4;31,9;0
12/05/2022 19:58:19;4,5;5,7;3,9;31,7;0
12/05/2022 20:13:05;4,5;5,7;3,9;31,5;0
12/05/2022 20:28:05;4,7;5,9;4;31,3;0
12/05/2022 20:43:37;4,7;5,9;4;31,2;0
12/05/2022 20:58:00;4,7;5,9;4;31;0
12/05/2022 21:13:01;4,7;5,9;4;30,8;0
12/05/2022 21:28:00;4,7;5,7;3,9;30,4;0
12/05/2022 21:43:00;4,7;5,7;3,9;30,2;0
12/05/2022 21:58:03;4,7;5,6;3,8;29,9;0
12/05/2022 22:13:15;4,7;5,4;3,7;29,2;0
12/05/2022 22:28:15;4,7;5,4;3,7;29,2;0
12/05/2022 22:43:25;4,8;5,6;3,8;29;0
12/05/2022 22:58:11;4,7;5,3;3,6;28,7;0
12/05/2022 23:13:10;4,8;5,4;3,7;28,3;0
12/05/2022 23:28:11;4,8;5,3;3,6;27,8;0
12/05/2022 23:43:14;4,8;5,3;3,6;27,6;0
12/05/2022 23:58:12;4,8;5,1;3,5;27,2;0
13/05/2022 00:13:01;4,8;5;3,4;26,8;0
13/05/2022 00:28:08;5;5,3;3,6;26,5;0
13/05/2022 00:43:02;5;5,3;3,6;26,5;0
13/05/2022 00:58:04;5;5,3;3,6;26,6;0
13/05/2022 01:13:09;5;5,3;3,6;26,6;0
13/05/2022 01:28:03;5;5;3,4;25,7;0
13/05/2022 01:43:04;5;5;3,4;25,4;0
13/05/2022 01:58:05;5;5;3,4;25,2;0
13/05/2022 02:13:02;5;5;3,4;25,2;0
13/05/2022 02:28:05;5;4,8;3,3;24,9;0
13/05/2022 02:43:04;5;4,8;3,3;24,9;0
13/05/2022 02:58:06;5;4,8;3,3;24,6;0
13/05/2022 03:13:27;5;4,7;3,2;24;0
13/05/2022 03:28:19;5;4,7;3,2;23,9;0
13/05/2022 03:43:02;5;4,7;3,2;23,8;0
13/05/2022 03:58:00;5;4,7;3,2;23,7;0
13/05/2022 04:13:03;5;4,7;3,2;24,1;0
13/05/2022 04:28:03;5;4,7;3,2;23,6;0
13/05/2022 04:43:03;5;4,7;3,2;23,8;0
13/05/2022 04:58:01;5;4,7;3,2;24;0
13/05/2022 05:13:03;4,8;4,4;3;23,7;0
13/05/2022 05:28:06;4,8;4,5;3,1;23,9;0
13/05/2022 05:43:02;4,8;4,4;3;23,8;0
13/05/2022 05:58:02;4,8;4,4;3;23,5;0
13/05/2022 06:13:02;4,8;4,4;3;23,8;0
13/05/2022 06:28:04;4,8;4,5;3,1;24,2;0
13/05/2022 06:43:02;4,8;4,5;3,1;24,2;0
13/05/2022 06:58:02;4,8;4,5;3,1;24;0
13/05/2022 07:13:01;4,7;4,4;3;24,2;-0,1
13/05/2022 07:28:09;4,8;4,5;3,1;24;-0,1
13/05/2022 07:43:45;4,7;4,4;3;24,2;-0,1
13/05/2022 07:58:07;4,8;4,5;3,1;24,4;-0,1
13/05/2022 08:13:03;4,7;4,5;3,1;24,5;0
13/05/2022 08:28:39;4,7;4,5;3,1;24,9;0
13/05/2022 08:43:21;4,7;4,7;3,2;25,4;0
13/05/2022 08:58:10;4,5;4,5;3,1;25,8;0
13/05/2022 09:13:05;4,5;4,7;3,2;26,3;0
13/05/2022 09:28:15;4,5;4,7;3,2;26,6;0
13/05/2022 09:43:14;4,5;4,8;3,3;27,3;0
13/05/2022 09:58:05;4,3;4,7;3,2;27,6;0
13/05/2022 10:13:06;4,4;5;3,4;28,3;0
13/05/2022 10:28:12;4,2;4,8;3,3;28,8;0
13/05/2022 10:43:13;4,4;5,1;3,5;29,5;0
13/05/2022 10:58:38;4,2;5;3,4;29,8;0
13/05/2022 11:13:08;4,2;5,1;3,5;30,2;0
13/05/2022 11:28:09;4,2;5,1;3,5;30,6;0
13/05/2022 11:43:24;4,2;5,3;3,6;31,4;0
13/05/2022 11:58:27;4;5,1;3,5;31,5;0
13/05/2022 12:13:30;4;5,1;3,5;31,8;0
13/05/2022 12:28:29;4;5,1;3,5;31,9;0
13/05/2022 12:43:01;4,1;5,4;3,7;32,3;0
13/05/2022 12:58:30;4,1;5,3;3,6;32,2;0
13/05/2022 13:13:05;4,1;5,4;3,7;32,4;0
13/05/2022 13:28:05;4,1;5,4;3,7;32,5;0
13/05/2022 13:43:02;4,1;5,4;3,7;32,6;0
13/05/2022 13:58:09;4,1;5,6;3,8;33;0
13/05/2022 14:13:25;4,1;5,6;3,8;33,1;0
13/05/2022 14:28:00;4,1;5,6;3,8;33,3;0
13/05/2022 14:43:06;4,1;5,6;3,8;33,5;0
13/05/2022 14:58:20;4,1;5,6;3,8;33,5;0
13/05/2022 15:13:03;4,1;5,6;3,8;33,5;0
13/05/2022 15:28:18;4,1;5,6;3,8;33,5;0
13/05/2022 15:43:17;4,2;5,9;4;34;0
13/05/2022 15:58:25;4,2;5,7;3,9;33,5;0
13/05/2022 16:13:32;4,2;5,9;4;33,7;0
13/05/2022 16:28:30;4,2;5,7;3,9;33,5;0
13/05/2022 16:43:35;4,2;5,7;3,9;33,5;0
13/05/2022 16:58:27;4,2;5,7;3,9;33,3;0
13/05/2022 17:13:30;4,4;6;4,1;33,1;0
13/05/2022 17:28:00;4,4;5,9;4;32,9;0
13/05/2022 17:43:20;4,4;5,9;4;32,7;0
13/05/2022 17:58:04;4,4;5,9;4;32,7;0
13/05/2022 18:13:04;4,4;5,9;4;32,7;0
13/05/2022 18:28:03;4,4;5,9;4;32,5;0
13/05/2022 18:43:03;4,4;5,9;4;32,5;0
13/05/2022 18:58:05;4,4;5,9;4;32,5;0
13/05/2022 19:13:03;4,4;5,9;4;32,5;0
13/05/2022 19:28:04;4,5;5,9;4;32,4;0
13/05/2022 19:43:08;4,5;5,9;4;32,3;0
13/05/2022 19:58:12;4,5;5,9;4;32,3;0
13/05/2022 20:13:12;4,5;5,9;4;32,1;0
13/05/2022 20:28:05;4,5;5,9;4;32;0
13/05/2022 20:43:02;4,5;5,9;4;31,9;0
13/05/2022 20:58:06;4,5;5,7;3,9;31,5;0
13/05/2022 21:13:08;4,5;5,7;3,9;31,2;0
13/05/2022 21:28:02;4,5;5,6;3,8;31,1;0
13/05/2022 21:43:06;4,5;5,6;3,8;30,9;0
13/05/2022 21:58:13;4,7;5,7;3,9;30,6;0
13/05/2022 22:13:17;4,7;5,7;3,9;30,4;0
13/05/2022 22:28:30;4,7;5,7;3,9;30,2;0
13/05/2022 22:43:13;4,7;5,7;3,9;30,1;0
13/05/2022 22:58:25;4,7;5,6;3,8;29,8;0
13/05/2022 23:13:20;4,7;5,6;3,8;29,9;0
13/05/2022 23:28:32;4,7;5,6;3,8;29,5;0
13/05/2022 23:43:10;4,7;5,4;3,7;29,4;0
13/05/2022 23:58:05;4,7;5,4;3,7;29,3;0
14/05/2022 00:13:21;4,8;5,4;3,7;28,8;0
14/05/2022 00:28:19;4,8;5,4;3,7;28,4;0
14/05/2022 00:43:13;4,8;5,4;3,7;28,4;0
14/05/2022 00:58:17;4,8;5,3;3,6;28,1;0
14/05/2022 01:13:16;4,8;5,3;3,6;27,9;0
14/05/2022 01:28:10;4,8;5,3;3,6;27,6;0
14/05/2022 01:43:13;4,8;5,1;3,5;27,4;0
14/05/2022 01:58:17;4,8;5,1;3,5;27,3;0
14/05/2022 02:13:27;4,8;5,1;3,5;27;0
14/05/2022 02:28:21;4,8;5,1;3,5;27,3;0
14/05/2022 02:43:23;4,8;5,1;3,5;27,1;0
14/05/2022 02:58:21;4,8;5,1;3,5;26,9;0
14/05/2022 03:13:15;4,8;5;3,4;26,8;0
14/05/2022 03:28:14;4,8;5;3,4;26,6;0
14/05/2022 03:43:15;4,8;5;3,4;26,5;0
14/05/2022 03:58:19;4,8;5;3,4;26,3;0
14/05/2022 04:13:16;4,8;5;3,4;26,1;0
14/05/2022 04:28:19;4,8;4,8;3,3;25,9;0
14/05/2022 04:43:28;4,8;4,8;3,3;25,6;0
14/05/2022 04:58:17;4,8;4,8;3,3;25,7;0
14/05/2022 05:13:19;4,8;4,8;3,3;25,4;0
14/05/2022 05:28:19;4,8;4,7;3,2;25,3;0
14/05/2022 05:43:20;5;5;3,4;25,2;0
14/05/2022 05:57:59;4,8;4,7;3,2;25,2;0
14/05/2022 06:13:27;5;4,8;3,3;24,8;0
14/05/2022 06:28:27;4,8;4,7;3,2;25,2;0
14/05/2022 06:43:00;4,8;4,7;3,2;25,2;0
14/05/2022 06:58:01;4,8;4,7;3,2;24,9;0
14/05/2022 07:13:31;4,8;4,7;3,2;24,8;0
14/05/2022 07:28:00;4,8;4,7;3,2;24,9;0
14/05/2022 07:43:01;4,8;4,7;3,2;24,9;0
14/05/2022 07:58:04;4,8;4,7;3,2;25,2;0
14/05/2022 08:13:04;4,8;4,8;3,3;25,4;0
14/05/2022 08:28:06;4,7;4,8;3,3;26;0
14/05/2022 08:43:02;4,7;4,8;3,3;26,5;0
14/05/2022 08:58:02;4,5;4,8;3,3;27;0
14/05/2022 09:13:04;4,5;4,8;3,3;27;0
14/05/2022 09:28:04;4,5;4,8;3,3;27,3;0
14/05/2022 09:43:05;4,5;4,8;3,3;27,3;0
14/05/2022 09:58:08;4,5;4,8;3,3;27,6;0
14/05/2022 10:13:10;4,5;5;3,4;27,9;0
14/05/2022 10:28:03;4,4;5;3,4;28,7;0
14/05/2022 10:43:09;4,4;5,1;3,5;29;0
14/05/2022 10:58:05;4,4;5,1;3,5;29,3;0
14/05/2022 11:13:07;4,2;5;3,4;29,8;0
14/05/2022 11:28:05;4,2;5,1;3,5;30,6;0
14/05/2022 11:43:09;4,2;5,3;3,6;30,9;0
14/05/2022 11:58:07;4;5;3,4;31,4;0
14/05/2022 12:13:07;4;5,1;3,5;31,9;0
14/05/2022 12:28:06;4,2;5,4;3,7;31,6;0
14/05/2022 12:43:10;4,1;5,3;3,6;32,2;0
14/05/2022 12:58:05;4,1;5,4;3,7;32,7;0
14/05/2022 13:13:08;4,1;5,4;3,7;32,8;0
14/05/2022 13:28:07;4,1;5,6;3,8;33,3;0
14/05/2022 13:43:12;4,1;5,6;3,8;33,3;0
14/05/2022 13:58:08;4,1;5,6;3,8;33,5;0
14/05/2022 14:13:10;4,1;5,7;3,9;33,7;0
14/05/2022 14:28:14;4,1;5,7;3,9;33,7;0
14/05/2022 14:43:09;4,1;5,7;3,9;34;0
14/05/2022 14:58:16;4,1;5,7;3,9;34,1;0
14/05/2022 15:13:17;4,1;5,9;4;34,3;0
14/05/2022 15:28:10;4,1;5,9;4;34,4;0
14/05/2022 15:43:09;4,1;5,9;4;34,4;0
14/05/2022 15:58:11;4,1;5,9;4;34,5;0
14/05/2022 16:13:10;4,1;5,9;4;34,4;0
14/05/2022 16:28:11;4,1;5,9;4;34,4;0
14/05/2022 16:43:14;4,1;5,9;4;34,3;0
14/05/2022 16:58:10;4,2;5,9;4;34,2;0
14/05/2022 17:13:13;4,2;5,9;4;34,1;0
14/05/2022 17:28:13;4,2;5,9;4;34;0
14/05/2022 17:43:11;4,2;5,9;4;33,8;0
14/05/2022 17:58:12;4,2;5,9;4;33,9;0
14/05/2022 18:13:12;4,2;5,7;3,9;33,6;0
14/05/2022 18:28:09;4,2;5,7;3,9;33,5;0
14/05/2022 18:43:15;4,4;6;4,1;33,6;0
14/05/2022 18:58:12;4,4;6,1;4,2;33,7;0
14/05/2022 19:13:10;4,4;6;4,1;33,3;0
14/05/2022 19:28:10;4,4;6;4,1;33,3;0
14/05/2022 19:43:10;4,4;5,9;4;32,9;0
14/05/2022 19:58:17;4,4;5,9;4;32,6;0
14/05/2022 20:13:26;4,5;6;4,1;32,7;0
14/05/2022 20:28:18;4,5;6;4,1;32,7;0
14/05/2022 20:43:17;4,5;6;4,1;32,6;0
14/05/2022 20:58:18;4,5;5,9;4;32,4;0
14/05/2022 21:13:21;4,5;5,9;4;32,2;0
14/05/2022 21:28:22;4,5;5,9;4;31,9;0
14/05/2022 21:43:19;4,5;5,9;4;32;0
14/05/2022 21:58:20;4,5;5,7;3,9;31,3;0
14/05/2022 22:13:36;4,7;5,9;4;30,9;0
14/05/2022 22:28:13;4,7;5,9;4;30,8;0
14/05/2022 22:43:24;4,7;5,7;3,9;30,4;0
14/05/2022 22:58:21;4,7;5,7;3,9;30,3;0
14/05/2022 23:13:19;4,7;5,6;3,8;29,9;0
14/05/2022 23:28:26;4,7;5,6;3,8;29,7;0
14/05/2022 23:43:26;4,7;5,4;3,7;29,3;0
14/05/2022 23:58:21;4,7;5,4;3,7;29,3;0
15/05/2022 00:13:05;4,7;5,4;3,7;29;0
15/05/2022 00:28:06;4,7;5,3;3,6;28,4;0
15/05/2022 00:43:02;4,8;5,4;3,7;28,3;0
15/05/2022 00:57:59;4,8;5,1;3,5;27,3;0
15/05/2022 01:13:03;4,8;5,1;3,5;27;0
15/05/2022 01:28:01;4,8;5,1;3,5;27,1;0
15/05/2022 01:43:28;5;5,3;3,6;26,9;0
15/05/2022 01:58:00;4,8;5;3,4;26,7;0
15/05/2022 02:13:04;4,8;5;3,4;26,5;0
15/05/2022 02:28:06;5;5,1;3,5;26,4;0
15/05/2022 02:43:03;4,8;5;3,4;26,3;0
15/05/2022 02:58:04;4,8;5;3,4;26,3;0
15/05/2022 03:13:12;4,8;5;3,4;26,1;0
15/05/2022 03:28:16;4,8;4,8;3,3;25,5;0
15/05/2022 03:43:09;5;4,8;3,3;25;0
15/05/2022 03:58:11;5;4,8;3,3;24,9;0
15/05/2022 04:13:13;5;4,8;3,3;24,9;0
15/05/2022 04:28:09;5;4,8;3,3;24,9;0
15/05/2022 04:43:16;4,8;4,7;3,2;24,9;0
15/05/2022 04:58:10;5;4,8;3,3;24,4;0
15/05/2022 05:13:09;5;4,8;3,3;24,5;0
15/05/2022 05:28:09;5;4,7;3,2;24,3;0
15/05/2022 05:43:11;5;4,7;3,2;24,3;0
15/05/2022 05:58:07;4,8;4,5;3,1;24;0
15/05/2022 06:13:09;5;4,7;3,2;23,8;0
15/05/2022 06:28:07;4,8;4,5;3,1;24,1;0
15/05/2022 06:43:11;4,8;4,5;3,1;24,1;0
15/05/2022 06:58:07;4,8;4,5;3,1;24,1;0
15/05/2022 07:13:10;4,8;4,5;3,1;24,1;0
15/05/2022 07:28:07;4,8;4,5;3,1;24;0
15/05/2022 07:43:14;4,8;4,5;3,1;24,2;0
15/05/2022 07:58:08;4,8;4,7;3,2;24,7;0
15/05/2022 08:13:10;4,7;4,7;3,2;25,2;0
15/05/2022 08:28:09;4,7;4,5;3,1;25,1;0
15/05/2022 08:43:11;4,8;4,8;3,3;25,6;0
15/05/2022 08:58:09;4,7;4,8;3,3;26,2;0
15/05/2022 09:13:12;4,7;5;3,4;26,7;0
15/05/2022 09:28:07;4,5;4,7;3,2;26,8;0
15/05/2022 09:43:13;4,5;4,8;3,3;27,4;0
15/05/2022 09:58:10;4,5;5;3,4;27,7;0
15/05/2022 10:13:06;4,5;5,1;3,5;28,5;0
15/05/2022 10:28:08;4,4;5;3,4;28,8;0
15/05/2022 10:43:09;4,4;5,1;3,5;29,5;0
15/05/2022 10:58:12;4,4;5,3;3,6;29,9;0
15/05/2022 11:13:11;4,2;5,1;3,5;30,3;0
15/05/2022 11:28:15;4,2;5,1;3,5;30,8;0
15/05/2022 11:43:09;4,2;5,3;3,6;31,1;0
15/05/2022 11:58:10;4;5,1;3,5;32,1;0
15/05/2022 12:13:12;4,1;5,4;3,7;32,5;0
15/05/2022 12:28:13;4,1;5,3;3,6;32,2;0
15/05/2022 12:43:12;4,1;5,4;3,7;32,5;0
15/05/2022 12:58:12;4,1;5,6;3,8;33;0
15/05/2022 13:13:12;4,1;5,4;3,7;32,8;0
15/05/2022 13:28:14;4,1;5,4;3,7;32,9;0
15/05/2022 13:43:23;4,1;5,6;3,8;33;0
15/05/2022 13:58:11;4,1;5,6;3,8;33,2;0
15/05/2022 14:13:11;4,1;5,6;3,8;33,2;0
15/05/2022 14:28:14;4,1;5,6;3,8;33,2;0
15/05/2022 14:43:12;4,1;5,6;3,8;33,4;0
15/05/2022 14:58:10;4,1;5,6;3,8;33,5;0
15/05/2022 15:13:10;4,1;5,6;3,8;33,5;0
15/05/2022 15:28:12;4,1;5,7;3,9;33,6;0
15/05/2022 15:43:18;4,1;5,6;3,8;33,4;0
15/05/2022 15:58:14;4,1;5,6;3,8;33,4;0
15/05/2022 16:13:11;4,1;5,6;3,8;33,5;0
15/05/2022 16:28:13;4,1;5,7;3,9;33,7;0
15/05/2022 16:43:12;4,1;5,6;3,8;33,5;0
15/05/2022 16:58:10;4,2;5,7;3,9;33,1;0
15/05/2022 17:13:12;4,2;5,6;3,8;32,9;0
15/05/2022 17:28:17;4,2;5,6;3,8;32,7;0
15/05/2022 17:43:14;4,2;5,6;3,8;32,6;0
15/05/2022 17:58:17;4,4;5,7;3,9;32,4;0
15/05/2022 18:13:12;4,2;5,6;3,8;32,5;0
15/05/2022 18:28:12;4,4;5,7;3,9;32,1;0
15/05/2022 18:43:03;4,4;5,7;3,9;32,3;0
15/05/2022 18:58:07;4,4;5,7;3,9;32,1;0
15/05/2022 19:13:15;4,4;5,7;3,9;32,2;0
15/05/2022 19:28:00;4,4;5,7;3,9;31,8;0
15/05/2022 19:43:00;4,5;5,7;3,9;31,6;0
15/05/2022 19:58:01;4,5;5,7;3,9;31,5;0
15/05/2022 20:13:03;4,5;5,7;3,9;31,4;0
15/05/2022 20:28:27;4,5;5,7;3,9;31,2;0
15/05/2022 20:43:01;4,5;5,6;3,8;31,1;0
15/05/2022 20:58:25;4,5;5,6;3,8;31;0
15/05/2022 21:13:00;4,5;5,6;3,8;30,9;0
15/05/2022 21:28:04;4,5;5,4;3,7;29,9;0
15/05/2022 21:43:27;4,7;5,4;3,7;28,9;0
15/05/2022 21:58:25;4,8;5,3;3,6;27,7;0
15/05/2022 22:13:01;4,8;5,1;3,5;27,1;0
15/05/2022 22:28:27;5;5,1;3,5;26,2;0
15/05/2022 22:43:02;5;5;3,4;25,7;0
15/05/2022 22:58:00;5;5;3,4;25,5;0
15/05/2022 23:13:04;5;5;3,4;25,5;0
15/05/2022 23:27:59;5;5;3,4;25,4;0
15/05/2022 23:43:03;5;5;3,4;25,4;0
15/05/2022 23:57:59;5;5;3,4;25,2;0
16/05/2022 00:13:29;5;5;3,4;25,2;0
16/05/2022 00:28:00;5;5;3,4;25,4;0
16/05/2022 00:43:27;4,8;4,7;3,2;24,9;0
16/05/2022 00:58:27;5;4,8;3,3;24,7;0
16/05/2022 01:12:59;4,8;4,7;3,2;24,9;0
16/05/2022 01:28:27;5;4,8;3,3;24,5;0
16/05/2022 01:43:30;5;4,8;3,3;24,6;0
16/05/2022 01:58:28;4,8;4,5;3,1;24,5;0
16/05/2022 02:13:24;4,8;4,5;3,1;24,3;0
16/05/2022 02:28:25;4,8;4,5;3,1;24;0
16/05/2022 02:43:34;4,8;4,5;3,1;24,1;0
16/05/2022 02:58:34;5;4,5;3,1;23,2;0
16/05/2022 03:13:31;5;4,5;3,1;23,1;0
16/05/2022 03:28:34;5;4,5;3,1;23,2;0
16/05/2022 03:43:31;5;4,5;3,1;23;0
16/05/2022 03:58:31;4,8;4,2;2,9;22,7;0
16/05/2022 04:13:32;4,8;4,2;2,9;22,5;0
16/05/2022 04:28:01;5;4,4;3;22,5;0
16/05/2022 04:43:30;5;4,4;3;22,6;0
16/05/2022 04:58:00;5;4,4;3;22,4;0
16/05/2022 05:13:02;5;4,4;3;22,7;0
16/05/2022 05:28:35;4,8;4,2;2,9;22,7;0
16/05/2022 05:43:33;4,8;4,2;2,9;22,6;0
16/05/2022 05:58:28;4,8;4,2;2,9;22,3;0
16/05/2022 06:13:04;5;4,4;3;22,3;-0,1
16/05/2022 06:28:04;4,8;4,2;2,9;22,5;-0,1
16/05/2022 06:43:34;4,8;4,2;2,9;22,4;-0,1
16/05/2022 06:58:00;4,8;4,2;2,9;22,5;-0,1
16/05/2022 07:13:02;4,8;4,2;2,9;22,7;0
16/05/2022 07:28:03;4,8;4,2;2,9;22,4;0
16/05/2022 07:43:10;4,8;4,2;2,9;22,4;0
16/05/2022 07:58:09;4,8;4,2;2,9;22,6;0
16/05/2022 08:13:23;4,6;4,1;2,8;23;0
16/05/2022 08:28:03;4,6;4,1;2,8;23,1;0
16/05/2022 08:43:07;4,6;4,1;2,8;23,2;0
16/05/2022 08:58:19;4,6;4,2;2,9;23,5;0
16/05/2022 09:13:26;4,6;4,2;2,9;24;0
16/05/2022 09:28:26;4,6;4,2;2,9;24;0
16/05/2022 09:43:07;4,5;4,2;2,9;24,4;0
16/05/2022 09:58:04;4,5;4,4;3;24,6;0
16/05/2022 10:13:12;4,5;4,4;3;24,7;0
16/05/2022 10:28:18;4,3;4,2;2,9;25,1;0
16/05/2022 10:43:21;4,3;4,2;2,9;25,2;0
16/05/2022 10:58:21;4,3;4,2;2,9;25,6;0
16/05/2022 11:13:24;4,3;4,4;3;25,9;0
16/05/2022 11:28:24;4,3;4,4;3;26,1;0
16/05/2022 11:43:28;4,3;4,4;3;26,4;0
16/05/2022 11:58:07;4,3;4,5;3,1;26,8;0
16/05/2022 12:13:14;4,2;4,5;3,1;27,7;0
16/05/2022 12:28:14;4,2;4,5;3,1;27,5;0
16/05/2022 12:43:15;4,2;4,5;3,1;27,8;0
16/05/2022 12:58:18;4,2;4,5;3,1;27,6;0
16/05/2022 13:13:10;4,2;4,5;3,1;27,8;0
16/05/2022 13:28:16;4,2;4,7;3,2;28,2;0
16/05/2022 13:43:24;4,2;4,7;3,2;28,4;0
16/05/2022 13:58:23;4,2;4,7;3,2;28,6;0
16/05/2022 14:13:49;4,2;4,8;3,3;28,7;0
16/05/2022 14:28:22;4,2;4,8;3,3;28,7;0
16/05/2022 14:43:25;4,2;4,8;3,3;28,7;0
16/05/2022 14:58:04;4,2;4,8;3,3;28,8;0
16/05/2022 15:13:45;4,2;4,8;3,3;28,7;0
16/05/2022 15:28:32;4,2;4,8;3,3;28,9;0
16/05/2022 15:43:00;4,2;4,8;3,3;29,1;0
16/05/2022 15:58:33;4,2;4,8;3,3;29,3;0
16/05/2022 16:13:11;4,2;4,8;3,3;28,9;0
16/05/2022 16:28:12;4,2;4,8;3,3;28,9;0
16/05/2022 16:43:07;4,2;4,7;3,2;28,6;0
16/05/2022 16:58:07;4,2;4,7;3,2;28,6;0
16/05/2022 17:13:07;4,4;5;3,4;28,3;0
16/05/2022 17:28:03;4,4;5;3,4;28,3;0
16/05/2022 17:43:05;4,4;4,8;3,3;28,1;0
16/05/2022 17:58:04;4,4;4,8;3,3;28;0
16/05/2022 18:13:00;4,3;4,7;3,2;27,6;0
16/05/2022 18:28:03;4,3;4,7;3,2;27,6;0
16/05/2022 18:43:07;4,3;4,7;3,2;27,6;0
16/05/2022 18:58:03;4,3;4,7;3,2;27,6;0
16/05/2022 19:13:08;4,5;4,8;3,3;27,3;0
16/05/2022 19:28:30;4,5;4,8;3,3;27,3;0
16/05/2022 19:43:03;4,5;4,8;3,3;27,2;0
16/05/2022 19:58:14;4,5;4,8;3,3;27;0
16/05/2022 20:13:15;4,5;4,7;3,2;26,7;0
16/05/2022 20:28:15;4,5;4,7;3,2;26,7;0
16/05/2022 20:43:00;4,5;4,7;3,2;26,5;0
16/05/2022 20:58:28;4,5;4,7;3,2;26,5;0
16/05/2022 21:13:04;4,5;4,7;3,2;26,2;0
16/05/2022 21:28:32;4,7;4,8;3,3;26,2;0
16/05/2022 21:43:27;4,5;4,7;3,2;26,2;0
16/05/2022 21:58:25;4,7;4,8;3,3;25,9;0
16/05/2022 22:13:32;4,7;4,7;3,2;25,7;0
16/05/2022 22:28:30;4,7;4,7;3,2;25,7;0
16/05/2022 22:43:22;4,7;4,7;3,2;25,5;0
16/05/2022 22:58:10;4,7;4,7;3,2;25,3;0
16/05/2022 23:13:05;4,7;4,7;3,2;25,5;0
16/05/2022 23:28:07;4,7;4,7;3,2;25,2;0
16/05/2022 23:43:17;4,7;4,5;3,1;24,9;0
16/05/2022 23:58:08;4,7;4,4;3;24,3;0
17/05/2022 00:13:21;4,8;4,5;3,1;24;0
17/05/2022 00:28:04;4,8;4,4;3;23,8;0
17/05/2022 00:42:59;4,8;4,5;3,1;23,9;0
17/05/2022 00:58:01;4,6;4,2;2,9;23,8;0
17/05/2022 01:13:01;4,6;4,1;2,8;23,1;0
17/05/2022 01:28:34;4,6;4,1;2,8;23,2;0
17/05/2022 01:43:02;4,6;4,1;2,8;22,7;0
17/05/2022 01:57:59;4,8;4,2;2,9;22,2;0
17/05/2022 02:13:02;4,8;4,1;2,8;22,1;0
17/05/2022 02:28:04;4,8;4,1;2,8;22,1;0
17/05/2022 02:43:04;4,8;4,1;2,8;21,9;0
17/05/2022 02:58:00;4,6;3,9;2,7;21,9;0
17/05/2022 03:13:24;4,8;4,1;2,8;21,6;-0,1
17/05/2022 03:28:21;4,8;3,9;2,7;21,3;-0,1
17/05/2022 03:43:21;4,8;3,9;2,7;21;-0,1
17/05/2022 03:58:18;4,8;3,9;2,7;21;-0,1
17/05/2022 04:13:23;4,8;3,9;2,7;21;-0,1
17/05/2022 04:28:25;4,8;3,9;2,7;20,7;-0,1
17/05/2022 04:43:26;4,8;3,8;2,6;20,4;-0,1
17/05/2022 04:58:21;4,8;3,8;2,6;20,4;-0,1
17/05/2022 05:13:27;4,8;3,8;2,6;20,4;-0,1
17/05/2022 05:28:23;4,8;3,8;2,6;20,2;-0,1
17/05/2022 05:43:21;4,8;3,8;2,6;20,2;-0,1
17/05/2022 05:58:26;4,8;3,8;2,6;20;-0,1
17/05/2022 06:12:59;4,8;3,8;2,6;19,9;-0,1
17/05/2022 06:28:03;4,8;3,8;2,6;19,8;-0,1
17/05/2022 06:43:02;4,8;3,8;2,6;19,8;-0,1
17/05/2022 06:58:26;4,8;3,8;2,6;19,6;-0,1
17/05/2022 07:12:59;4,8;3,8;2,6;19,6;-0,1
17/05/2022 07:28:15;4,8;3,8;2,6;19,6;-0,1
17/05/2022 07:43:01;4,8;3,6;2,5;19,4;-0,1
17/05/2022 07:58:00;4,8;3,6;2,5;19,4;-0,1
17/05/2022 08:13:05;4,8;3,6;2,5;19,4;-0,1
17/05/2022 08:28:16;4,8;3,6;2,5;19,2;-0,1
17/05/2022 08:43:17;4,8;3,6;2,5;19,3;-0,1
17/05/2022 08:58:21;4,8;3,6;2,5;19,3;-0,1
17/05/2022 09:13:13;4,8;3,6;2,5;19,4;-0,1
17/05/2022 09:28:17;4,8;3,6;2,5;19,4;-0,1
17/05/2022 09:43:18;4,6;3,5;2,4;19,4;-0,1
17/05/2022 09:58:11;4,8;3,8;2,6;19,6;-0,1
17/05/2022 10:13:15;4,8;3,8;2,6;19,9;-0,1
17/05/2022 10:28:22;4,6;3,6;2,5;20;-0,1
17/05/2022 10:43:20;4,6;3,6;2,5;20;-0,1
17/05/2022 10:58:24;4,6;3,6;2,5;20;-0,1
17/05/2022 11:13:26;4,6;3,6;2,5;20;-0,1
17/05/2022 11:28:22;4,5;3,6;2,5;20,9;-0,1
17/05/2022 11:43:24;4,5;3,8;2,6;21,5;-0,1
17/05/2022 11:58:21;4,5;3,9;2,7;22,1;-0,1
17/05/2022 12:13:04;4,5;3,9;2,7;22,6;-0,1
17/05/2022 12:28:17;4,3;3,8;2,6;22,8;-0,1
17/05/2022 12:43:29;4,3;3,8;2,6;22,7;-0,1
17/05/2022 12:57:59;4,3;3,8;2,6;22,9;-0,1
17/05/2022 13:13:03;4,3;3,9;2,7;23,3;-0,1
17/05/2022 13:28:01;4,3;3,9;2,7;23,7;-0,1
17/05/2022 13:43:05;4,2;3,9;2,7;24;-0,1
17/05/2022 13:58:05;4,2;3,9;2,7;24,3;-0,1
17/05/2022 14:13:02;4,2;3,9;2,7;24,3;-0,1
17/05/2022 14:28:04;4,2;3,9;2,7;24,3;-0,1
17/05/2022 14:43:11;4,2;3,9;2,7;24,4;-0,1
17/05/2022 14:58:37;4,3;4,1;2,8;24,7;-0,1
17/05/2022 15:13:25;4,3;4,1;2,8;24,8;0
17/05/2022 15:28:25;4,3;4,1;2,8;24,7;0
17/05/2022 15:43:20;4,3;4,1;2,8;24,8;0
17/05/2022 15:58:25;4,3;4,1;2,8;24,6;0
17/05/2022 16:13:28;4,2;4,1;2,8;24,6;0
17/05/2022 16:28:24;4,3;4,1;2,8;24,4;0
17/05/2022 16:43:25;4,3;4,1;2,8;24,5;0
17/05/2022 16:58:20;4,3;4,1;2,8;24,2;0
17/05/2022 17:13:24;4,5;4,1;2,8;23,4;-0,1
17/05/2022 17:28:27;4,5;4,1;2,8;23,5;-0,1
17/05/2022 17:43:24;4,5;3,9;2,7;22,9;-0,1
17/05/2022 17:58:27;4,5;4,1;2,8;23,1;-0,1
17/05/2022 18:13:24;4,5;3,9;2,7;22,9;0
17/05/2022 18:28:27;4,5;3,9;2,7;22,8;0
17/05/2022 18:43:24;4,5;3,9;2,7;22,9;0
17/05/2022 18:58:27;4,5;3,9;2,7;22,8;0
17/05/2022 19:13:27;4,6;4,1;2,8;22,8;0
17/05/2022 19:28:03;4,6;4,1;2,8;22,5;0
17/05/2022 19:43:01;4,6;4,1;2,8;22,4;0
17/05/2022 19:58:05;4,6;4,1;2,8;22,4;0
17/05/2022 20:13:10;4,6;3,9;2,7;22,3;0
17/05/2022 20:28:12;4,6;3,9;2,7;22,1;0
17/05/2022 20:43:11;4,6;3,9;2,7;21,7;0
17/05/2022 20:58:06;4,6;3,9;2,7;21,8;0
17/05/2022 21:13:05;4,6;3,9;2,7;21,6;0
17/05/2022 21:28:06;4,6;3,8;2,6;21,3;-0,1
17/05/2022 21:43:08;4,6;3,8;2,6;20,7;-0,1
17/05/2022 21:58:05;4,6;3,8;2,6;20,8;-0,1
17/05/2022 22:13:12;4,6;3,6;2,5;20,4;-0,1
17/05/2022 22:28:17;4,6;3,6;2,5;20,4;-0,1
17/05/2022 22:43:05;4,6;3,6;2,5;20,4;-0,1
17/05/2022 22:58:24;4,6;3,6;2,5;20,4;-0,1
17/05/2022 23:13:30;4,6;3,6;2,5;20,4;-0,1
17/05/2022 23:27:59;4,6;3,6;2,5;20,4;-0,1
17/05/2022 23:43:30;4,6;3,6;2,5;20,4;-0,1
17/05/2022 23:58:25;4,6;3,6;2,5;20,4;-0,1
18/05/2022 00:13:04;4,6;3,6;2,5;20,4;-0,1
18/05/2022 00:28:01;4,6;3,6;2,5;20,4;-0,1
18/05/2022 00:43:05;4,6;3,6;2,5;20,4;-0,1
18/05/2022 00:58:01;4,6;3,6;2,5;20,4;-0,1
18/05/2022 01:13:04;4,6;3,6;2,5;20,4;-0,1
18/05/2022 01:28:05;4,6;3,6;2,5;20,4;-0,1
18/05/2022 01:43:34;4,6;3,6;2,5;20,4;-0,1
18/05/2022 01:58:02;4,6;3,6;2,5;20,4;-0,1
18/05/2022 02:13:08;4,6;3,6;2,5;20,4;-0,1
18/05/2022 02:28:00;4,6;3,6;2,5;20,4;-0,1
18/05/2022 02:43:11;4,6;3,6;2,5;20,4;-0,1
18/05/2022 02:58:04;4,6;3,6;2,5;20,4;-0,1
18/05/2022 03:13:09;4,6;3,6;2,5;20,4;-0,1
18/05/2022 03:28:08;4,6;3,6;2,5;20,4;-0,1
18/05/2022 03:43:09;4,6;3,6;2,5;20,4;-0,1
18/05/2022 03:58:17;4,6;3,6;2,5;20,4;-0,1
18/05/2022 04:13:17;4,6;3,6;2,5;20,4;-0,1
18/05/2022 04:28:08;4,6;3,6;2,5;20,4;-0,1
18/05/2022 04:43:14;4,6;3,6;2,5;20,4;-0,1
18/05/2022 04:58:11;4,6;3,6;2,5;20,4;-0,1
18/05/2022 05:13:16;4,6;3,6;2,5;20,4;-0,1
18/05/2022 05:28:08;4,6;3,6;2,5;20,4;-0,1
18/05/2022 05:43:11;4,6;3,6;2,5;20,4;-0,1
18/05/2022 05:58:11;4,6;3,6;2,5;20,4;-0,1
18/05/2022 06:13:18;4,6;3,6;2,5;20,4;-0,1
18/05/2022 06:28:19;4,6;3,6;2,5;20,4;-0,1
18/05/2022 06:43:12;4,6;3,6;2,5;20,4;-0,1
18/05/2022 06:58:16;4,6;3,6;2,5;20,4;-0,1
18/05/2022 07:13:31;4,6;3,6;2,5;20,4;-0,1
18/05/2022 07:28:02;4,6;3,6;2,5;20,4;-0,1
18/05/2022 07:43:32;4,6;3,6;2,5;20,4;-0,1
18/05/2022 07:58:23;4,6;3,6;2,5;20,4;-0,1
18/05/2022 08:12:59;4,6;3,6;2,5;20,4;-0,1
18/05/2022 08:28:30;4,6;3,6;2,5;20,4;-0,1
18/05/2022 08:43:35;4,6;3,6;2,5;20,4;-0,1
18/05/2022 08:58:32;4,6;3,6;2,5;20,4;-0,1
18/05/2022 09:13:07;4,6;3,6;2,5;20,4;-0,1
18/05/2022 09:28:05;4,6;3,6;2,5;20,4;-0,1
18/05/2022 09:43:10;4,6;3,6;2,5;20,4;-0,1
18/05/2022 09:58:13;4,6;3,6;2,5;20,4;-0,1
18/05/2022 10:13:27;4,6;3,6;2,5;20,4;-0,1
18/05/2022 10:28:33;4,6;3,6;2,5;20,4;-0,1
18/05/2022 10:43:13;4,6;3,6;2,5;20,4;-0,1
18/05/2022 10:58:16;4,6;3,6;2,5;20,4;-0,1
18/05/2022 11:13:05;4,6;3,6;2,5;20,4;-0,1
18/05/2022 11:28:13;4,6;3,6;2,5;20,4;-0,1
18/05/2022 11:43:05;4,6;3,6;2,5;20,4;-0,1
18/05/2022 11:58:07;4,6;3,6;2,5;20,4;-0,1
18/05/2022 12:13:22;4,6;3,6;2,5;20,4;-0,1
18/05/2022 12:28:10;4,6;3,6;2,5;20,4;-0,1
18/05/2022 12:43:17;4,6;3,6;2,5;20,4;-0,1
18/05/2022 12:58:26;4,6;3,6;2,5;20,4;-0,1
18/05/2022 13:13:00;4,6;3,6;2,5;20,4;-0,1
18/05/2022 13:28:27;4,6;3,6;2,5;20,4;-0,1
18/05/2022 13:43:06;4,6;3,6;2,5;20,4;-0,1
18/05/2022 13:58:26;4,6;3,6;2,5;20,4;-0,1
18/05/2022 14:13:26;4,6;3,6;2,5;20,4;-0,1
18/05/2022 14:28:28;4,6;3,6;2,5;20,4;-0,1
18/05/2022 14:43:08;4,6;3,6;2,5;20,4;-0,1
18/05/2022 14:58:27;4,6;3,6;2,5;20,4;-0,1
